,ASSORTMENT,CATALOG_NAVIGATION,DELIVERY,PAYMENT,PRICE,PRODUCTS_QUALITY,PROMOTIONS,SUPPORT
0,1,0,1,0,0,0,1,0
1,1,0,1,0,1,1,0,0
2,1,0,1,0,1,0,1,1
3,1,0,0,0,1,0,1,0
4,0,0,0,0,1,0,1,0
5,1,1,1,0,0,0,0,0
6,0,0,0,0,1,1,1,0
7,1,1,1,0,1,0,0,0
8,1,1,1,1,1,0,1,1
9,0,0,1,0,0,0,0,0
10,0,0,1,0,0,0,0,0
11,1,1,1,0,1,1,1,1
12,0,0,0,0,0,1,0,0
13,0,0,1,0,0,0,0,1
14,0,0,1,0,0,0,0,1
15,0,0,0,0,1,0,1,0
16,1,0,0,0,1,1,1,0
17,1,0,0,0,0,0,0,0
18,1,0,1,0,0,0,0,1
19,1,0,0,0,1,0,0,0
20,1,0,1,0,1,1,1,0
21,0,0,0,1,0,0,0,1
22,0,0,0,1,0,0,0,0
23,1,0,0,0,1,1,1,0
24,0,0,1,0,0,0,0,0
25,0,0,1,0,0,1,0,1
26,1,0,1,0,1,0,0,0
27,0,1,0,0,1,0,1,0
28,1,0,0,0,0,1,0,1
29,1,0,1,0,1,1,1,0
30,0,0,0,0,0,1,0,0
31,0,0,1,0,0,0,0,0
32,1,0,0,0,1,0,1,0
33,0,0,0,0,0,1,0,0
34,0,0,1,0,0,0,0,0
35,1,1,1,1,1,1,1,1
36,1,1,0,0,1,0,1,0
37,0,0,0,0,0,1,1,1
38,0,0,1,0,0,0,0,0
39,0,0,0,0,1,1,1,0
40,1,0,0,0,1,0,1,0
41,0,0,1,0,0,0,0,0
42,0,0,1,0,0,1,0,1
43,1,0,0,0,1,0,1,0
44,1,0,1,0,1,1,0,0
45,0,0,1,0,0,0,0,0
46,1,0,1,0,0,1,0,0
47,0,0,1,0,0,1,0,0
48,0,0,1,0,0,1,0,1
49,0,0,0,0,0,1,0,0
50,1,0,1,0,1,0,0,0
51,0,0,1,1,0,0,0,1
52,0,0,0,0,0,0,1,0
53,0,1,0,0,1,0,1,0
54,0,0,1,0,0,0,0,0
55,1,0,1,0,1,0,1,0
56,1,0,0,0,1,0,0,0
57,0,0,0,0,0,0,0,0
58,0,0,1,0,0,0,0,0
59,0,0,1,0,0,0,0,0
60,0,0,0,0,0,1,0,1
61,0,0,1,0,0,0,0,0
62,0,0,1,0,0,0,0,0
63,1,1,1,0,1,0,1,0
64,0,0,1,0,0,0,0,0
65,1,0,0,1,1,0,0,0
66,1,0,0,0,0,1,1,0
67,1,0,1,0,1,1,1,1
68,0,0,1,0,0,0,0,1
69,0,0,0,1,0,0,0,0
70,0,0,0,0,1,0,1,0
71,1,1,0,0,1,0,1,0
72,0,0,0,0,1,1,1,0
73,1,0,1,0,1,1,1,1
74,1,0,0,0,1,0,1,0
75,1,0,0,0,1,1,1,0
76,1,0,1,0,1,0,0,0
77,0,0,1,0,0,0,0,0
78,0,0,0,0,0,0,1,0
79,1,0,0,0,1,0,1,0
80,0,0,1,0,0,0,0,0
81,0,0,1,0,0,0,0,0
82,1,1,1,0,1,1,0,0
83,1,0,1,0,1,0,0,0
84,1,0,1,0,1,0,1,0
85,1,0,0,0,1,0,1,0
86,0,1,1,0,1,0,1,0
87,1,0,0,0,0,1,0,1
88,0,0,1,0,0,0,0,0
89,1,0,1,0,1,0,1,0
90,1,1,1,0,1,0,1,1
91,1,0,0,0,0,0,0,0
92,0,0,1,0,0,0,0,0
93,0,0,0,0,0,0,1,0
94,1,1,0,0,1,1,0,0
95,0,0,1,0,0,0,0,0
96,0,0,1,0,0,0,0,0
97,1,0,0,0,0,0,1,0
98,1,0,1,0,1,0,0,1
99,1,0,0,0,0,0,1,0
100,0,0,1,0,0,0,0,0
101,1,0,1,0,0,1,0,1
102,0,0,0,0,1,0,0,0
103,1,1,0,0,1,0,1,0
104,0,0,1,0,0,0,0,0
105,0,0,0,1,0,1,1,0
106,1,0,0,1,0,0,1,0
107,0,0,1,1,0,0,0,1
108,0,0,0,0,1,1,0,0
109,0,0,1,0,0,0,0,1
110,0,0,0,0,1,1,1,0
111,1,1,1,0,1,0,1,0
112,1,0,1,0,1,0,0,0
113,0,0,1,0,0,0,1,1
114,1,0,0,0,1,1,1,0
115,0,0,0,0,0,1,1,0
116,1,0,0,0,0,0,1,0
117,0,0,1,0,0,0,0,0
118,1,1,1,0,1,0,0,0
119,0,0,1,0,1,1,0,0
120,0,0,0,0,1,1,1,0
121,0,0,1,0,0,1,0,1
122,1,0,0,0,0,0,0,0
123,1,0,1,0,1,0,0,0
124,0,0,1,0,1,0,1,0
125,0,0,1,0,1,1,1,0
126,0,0,1,0,0,0,0,1
127,0,0,1,0,0,0,0,0
128,0,1,1,1,0,0,1,0
129,0,0,0,0,1,0,0,0
130,0,0,1,0,0,0,0,1
131,0,0,1,0,0,0,0,0
132,0,0,1,1,0,0,0,0
133,1,0,1,0,0,0,0,0
134,0,0,1,1,1,0,0,1
135,0,0,1,0,0,1,0,0
136,0,0,1,0,0,0,0,0
137,0,0,1,0,0,0,0,1
138,0,0,1,0,1,0,1,0
139,0,0,1,0,0,0,0,1
140,0,0,1,0,0,0,0,0
141,1,0,1,0,0,1,1,1
142,0,0,0,0,0,0,1,0
143,0,0,1,0,1,0,0,1
144,1,0,0,0,0,0,1,0
145,1,0,1,0,1,0,0,0
146,0,0,0,0,0,1,0,1
147,1,1,0,0,0,1,1,0
148,1,0,0,0,1,1,1,0
149,0,0,1,0,0,0,0,0
150,1,1,0,0,1,0,1,0
151,1,0,0,0,1,1,1,0
152,0,0,1,0,0,0,0,0
153,0,0,1,0,1,0,1,0
154,0,0,1,0,0,0,0,1
155,0,0,1,0,0,0,0,0
156,1,0,0,0,1,0,1,0
157,0,0,1,0,0,0,0,0
158,1,0,1,0,0,0,0,0
159,0,0,0,0,0,1,0,1
160,0,0,1,0,0,1,0,1
161,0,0,1,0,0,0,0,1
162,1,0,1,0,0,0,0,0
163,0,0,1,0,0,0,0,1
164,0,0,1,0,0,0,0,0
165,1,0,1,0,1,0,1,0
166,0,1,0,0,1,0,1,0
167,1,1,1,1,1,1,1,1
168,0,0,1,0,0,0,0,0
169,0,0,1,0,0,0,0,0
170,1,0,1,1,1,1,1,1
171,1,0,0,0,1,1,1,0
172,1,1,1,0,0,1,1,1
173,0,0,1,0,1,1,0,0
174,0,0,1,0,0,0,0,0
175,0,0,0,0,0,1,0,0
176,0,0,1,1,0,0,0,1
177,1,1,0,0,1,0,0,0
178,0,0,0,0,1,0,0,0
179,0,0,1,0,0,0,0,0
180,1,0,1,0,0,0,0,1
181,0,0,0,0,1,0,0,0
182,1,0,0,0,1,0,1,0
183,0,0,1,0,1,1,0,0
184,1,0,1,0,1,1,0,1
185,1,0,1,0,1,0,0,0
186,0,0,1,0,0,0,1,0
187,0,0,1,1,0,0,0,0
188,1,0,1,0,1,1,1,0
189,0,0,1,0,0,0,0,0
190,1,0,0,0,1,0,1,0
191,1,0,0,1,0,1,1,0
192,0,0,1,0,0,1,0,0
193,0,0,0,0,1,0,0,0
194,0,0,1,1,1,1,1,1
195,1,0,1,0,1,0,0,0
196,0,0,1,0,0,0,1,0
197,0,0,1,0,0,0,0,0
198,0,0,1,0,0,0,0,0
199,1,0,0,0,0,0,1,0
200,0,0,1,0,1,1,0,1
201,0,0,1,0,0,1,0,0
202,1,0,0,0,1,0,1,0
203,0,0,1,0,0,0,1,1
204,1,0,1,0,1,0,0,0
205,0,0,1,0,0,1,0,1
206,0,0,0,0,1,0,1,0
207,0,0,1,0,0,0,0,1
208,1,0,1,0,0,0,0,0
209,0,0,1,0,0,0,0,0
210,1,0,1,0,1,0,1,0
211,0,0,1,0,0,0,0,0
212,0,0,1,0,0,0,0,0
213,1,0,0,0,0,0,0,0
214,0,0,1,0,1,0,0,0
215,0,1,1,0,1,1,0,1
216,0,0,1,0,1,1,0,1
217,0,0,1,0,0,1,0,1
218,1,0,0,0,1,0,1,0
219,1,0,0,0,1,0,0,0
220,0,0,0,0,0,1,0,0
221,1,0,0,0,1,0,1,0
222,0,0,1,0,0,0,0,0
223,0,0,1,0,0,0,0,1
224,1,0,0,0,0,0,0,0
225,0,0,1,0,0,0,0,0
226,1,0,0,0,0,1,0,0
227,0,0,1,0,0,0,0,0
228,0,1,1,0,0,0,0,1
229,1,0,1,0,0,0,0,0
230,1,0,0,0,0,0,1,0
231,0,0,1,0,1,0,0,0
232,0,0,1,0,0,0,0,0
233,1,1,1,1,1,1,1,1
234,1,0,0,0,1,1,1,0
235,1,0,1,0,1,1,0,0
236,1,0,1,0,1,0,1,0
237,1,0,1,0,1,1,0,0
238,0,0,0,0,0,0,0,1
239,0,0,1,0,0,1,0,1
240,1,0,1,0,1,0,0,0
241,1,0,0,0,0,0,1,0
242,0,1,0,0,1,0,0,0
243,0,0,1,0,0,0,0,1
244,0,0,0,0,1,0,1,0
245,0,0,1,0,0,0,0,0
246,1,0,0,0,0,0,1,0
247,0,0,0,1,0,0,1,1
248,0,0,1,0,0,0,0,0
249,1,0,1,0,0,1,0,0
250,0,0,0,0,0,1,0,1
251,0,0,0,0,1,0,1,0
252,1,0,1,0,1,0,0,0
253,0,0,1,0,0,0,0,0
254,0,0,1,0,0,1,0,0
255,0,0,1,0,0,0,0,0
256,1,1,0,1,1,0,1,0
257,0,0,1,0,0,0,1,0
258,1,0,1,1,0,0,1,1
259,1,0,0,0,1,1,0,0
260,0,0,1,0,0,0,0,1
261,1,0,0,1,1,1,1,0
262,0,0,0,0,1,0,0,0
263,0,0,1,0,0,0,0,0
264,0,0,1,0,0,0,0,0
265,0,0,1,0,0,0,0,0
266,1,0,1,0,0,0,0,0
267,1,0,1,0,0,0,1,0
268,1,0,1,0,1,0,1,0
269,1,1,1,1,1,1,1,1
270,0,0,1,0,0,0,0,0
271,1,0,0,0,1,0,1,1
272,0,0,1,0,0,0,0,0
273,1,0,1,0,1,0,0,1
274,1,1,0,0,1,0,1,0
275,0,0,0,0,1,0,0,0
276,1,0,1,0,0,0,0,0
277,0,0,1,0,1,1,0,0
278,1,0,0,0,1,0,1,0
279,0,1,1,1,1,0,0,1
280,0,0,1,0,0,0,0,1
281,1,1,1,0,1,0,1,1
282,1,1,0,0,1,1,1,0
283,1,0,0,0,0,0,1,0
284,1,0,0,0,1,0,0,0
285,0,0,1,0,0,0,0,0
286,0,0,1,0,0,0,0,1
287,0,0,0,0,1,1,0,0
288,1,1,0,0,0,0,1,0
289,1,0,0,0,1,0,1,0
290,1,0,0,0,0,0,0,0
291,0,0,1,1,1,1,0,0
292,1,0,0,0,1,0,1,0
293,0,0,0,0,0,1,0,0
294,0,0,0,0,1,1,1,0
295,1,0,0,0,0,1,0,0
296,0,0,1,0,0,0,0,0
297,0,0,1,0,0,0,0,0
298,0,1,1,0,1,1,0,0
299,1,1,0,0,0,0,1,0
300,1,0,1,0,0,1,0,1
301,0,0,0,0,0,0,1,0
302,1,0,0,1,1,1,1,0
303,0,0,1,0,0,0,0,0
304,1,0,1,1,0,1,0,0
305,0,0,1,0,0,0,0,1
306,0,0,0,0,1,0,0,0
307,1,1,1,1,1,1,1,1
308,0,0,1,0,0,0,0,0
309,1,1,0,0,1,0,1,0
310,1,0,0,0,1,0,1,1
311,0,0,0,0,1,0,1,0
312,1,0,1,0,0,0,1,0
313,0,0,0,0,1,1,0,0
314,1,1,1,0,0,0,0,0
315,0,0,0,0,1,0,1,0
316,0,1,1,0,0,0,0,1
317,0,0,1,0,1,0,1,0
318,1,0,1,0,0,0,0,0
319,1,0,1,0,0,0,0,0
320,1,0,1,0,1,0,1,0
321,0,0,1,0,0,0,0,0
322,1,1,0,0,1,0,1,0
323,0,0,1,0,0,0,0,0
324,1,1,1,0,1,0,0,0
325,0,0,1,0,0,0,0,0
326,0,0,1,0,0,0,0,1
327,0,0,0,0,1,1,0,1
328,0,0,1,0,0,1,0,0
329,1,0,0,0,1,0,1,0
330,0,0,0,0,1,0,1,1
331,0,0,1,0,0,0,0,0
332,0,0,1,0,0,0,0,0
333,0,0,0,1,0,0,0,1
334,0,0,1,0,0,0,0,0
335,0,0,1,0,0,1,0,1
336,0,0,1,0,0,0,0,0
337,0,0,0,0,1,0,0,0
338,0,0,1,0,1,0,1,1
339,0,0,1,0,0,0,0,0
340,0,0,1,0,0,0,0,1
341,0,0,1,0,1,0,1,0
342,0,0,1,0,0,0,0,0
343,0,0,1,0,0,1,0,0
344,0,0,1,0,0,0,0,0
345,0,0,1,0,1,1,1,0
346,1,0,1,0,1,0,0,0
347,0,0,1,0,1,0,0,0
348,0,0,1,0,0,1,0,0
349,1,1,1,0,1,1,0,1
350,0,0,1,0,1,0,0,0
351,0,0,1,0,0,0,0,0
352,0,0,0,0,1,1,1,0
353,1,1,1,0,0,0,0,0
354,1,1,1,0,1,1,0,0
355,0,0,1,0,0,0,0,0
356,1,0,1,0,0,1,0,0
357,0,0,1,0,1,1,0,0
358,1,1,1,0,1,1,0,1
359,0,0,1,0,0,1,0,0
360,1,0,0,0,1,1,1,1
361,0,0,1,0,1,1,0,1
362,0,0,1,0,1,0,1,0
363,0,0,0,0,1,0,0,1
364,0,0,1,0,0,0,0,0
365,1,1,0,0,0,1,1,0
366,1,0,0,0,0,1,0,0
367,0,0,1,0,0,0,0,0
368,1,0,1,0,1,1,0,0
369,0,0,1,0,1,0,0,0
370,0,0,1,1,1,0,0,1
371,0,0,1,0,0,1,0,1
372,0,0,1,0,0,0,0,0
373,1,0,1,0,1,0,0,0
374,0,0,1,0,0,0,0,1
375,0,0,1,0,1,1,0,0
376,1,0,0,0,1,0,1,0
377,1,0,0,0,1,1,1,0
378,0,1,0,0,0,0,1,1
379,0,0,1,0,0,0,0,0
380,0,0,1,0,0,0,0,0
381,0,0,1,0,0,0,0,0
382,0,0,1,0,0,0,0,0
383,1,0,1,0,1,1,0,1
384,0,0,0,0,1,0,1,0
385,1,1,1,1,1,1,1,1
386,1,0,0,0,0,1,0,0
387,1,0,0,0,1,0,1,0
388,1,0,0,0,1,0,0,0
389,1,0,1,0,1,0,1,0
390,1,1,1,0,1,1,1,1
391,0,0,1,0,1,1,0,0
392,1,1,1,1,0,0,0,1
393,1,1,1,1,1,1,1,1
394,0,0,1,0,0,0,0,0
395,1,0,1,1,1,0,0,0
396,1,1,0,0,1,0,1,0
397,0,0,1,0,0,1,1,1
398,0,0,1,0,0,0,0,0
399,1,0,1,0,0,1,0,0
400,1,0,0,0,0,1,0,1
401,0,0,0,0,1,0,1,0
402,0,0,1,1,0,0,0,1
403,0,0,1,0,0,0,0,0
404,1,0,0,0,1,1,1,0
405,1,0,1,0,1,0,1,0
406,0,0,1,0,0,1,1,0
407,0,0,0,0,0,0,0,1
408,0,1,0,0,1,0,0,1
409,0,0,1,0,0,0,1,1
410,0,0,0,1,1,0,1,0
411,1,0,1,0,1,1,0,0
412,1,0,0,0,1,0,1,1
413,0,0,1,0,0,0,0,0
414,0,0,1,0,0,0,0,0
415,1,0,0,0,0,0,0,0
416,1,0,1,0,0,0,0,0
417,1,0,1,0,0,1,0,0
418,1,0,0,0,1,1,1,0
419,1,0,0,0,0,0,0,0
420,0,0,1,0,0,0,0,1
421,0,0,1,0,0,0,0,1
422,1,0,1,0,1,0,0,1
423,0,0,1,0,1,0,1,0
424,0,0,0,1,1,0,1,0
425,1,0,0,0,1,0,1,1
426,1,0,1,0,1,0,1,0
427,0,0,1,0,0,0,0,0
428,0,0,1,0,0,0,0,0
429,0,0,1,0,0,0,0,0
430,0,0,1,0,0,0,0,0
431,0,0,1,0,0,0,0,0
432,0,0,1,0,0,0,0,0
433,0,0,1,0,0,1,0,0
434,0,0,1,0,0,0,0,1
435,1,0,0,0,1,0,1,0
436,1,0,1,0,1,0,0,1
437,1,1,1,1,1,1,1,0
438,1,0,0,0,0,0,0,0
439,1,1,0,0,1,0,1,1
440,1,0,0,0,0,1,1,1
441,1,0,0,0,1,0,1,1
442,1,0,1,0,0,1,0,0
443,0,1,1,0,0,0,1,0
444,0,0,1,0,0,0,0,1
445,1,0,1,1,1,1,1,1
446,0,0,1,0,0,0,0,0
447,1,0,1,1,1,0,0,0
448,1,0,0,0,1,0,1,0
449,0,1,0,0,1,1,1,0
450,0,0,1,0,0,0,1,1
451,1,0,1,0,0,0,0,0
452,1,1,0,0,1,0,0,0
453,1,1,0,0,1,1,1,0
454,0,0,1,0,1,1,0,1
455,0,0,1,0,0,0,0,1
456,1,1,1,0,0,0,0,0
457,0,0,1,0,0,0,0,0
458,0,0,1,0,0,0,0,1
459,1,0,1,0,1,0,0,1
460,1,1,0,1,1,1,1,1
461,0,1,0,0,1,0,0,0
462,0,0,1,0,0,0,0,1
463,1,1,1,0,1,1,1,0
464,0,0,1,0,0,0,0,1
465,1,0,1,0,0,1,0,0
466,1,1,1,1,1,1,1,1
467,0,1,1,0,1,1,1,1
468,0,0,0,0,1,0,1,0
469,0,0,1,0,0,0,0,0
470,0,0,0,0,0,1,0,0
471,0,0,0,0,0,1,0,0
472,0,0,1,0,0,0,0,0
473,0,0,1,0,0,0,0,0
474,1,0,1,1,1,1,1,0
475,1,0,0,0,1,0,1,0
476,0,0,1,0,1,0,0,0
477,0,0,1,0,0,0,0,0
478,0,0,0,0,0,0,0,0
479,1,0,1,1,1,0,1,0
480,1,0,0,0,0,0,0,0
481,0,0,1,0,0,1,0,1
482,0,0,0,1,0,0,0,0
483,1,0,0,1,0,1,1,0
484,0,0,1,0,1,0,1,0
485,0,0,1,0,1,0,1,0
486,0,0,1,0,1,0,1,0
487,0,0,1,0,0,0,0,0
488,1,0,0,0,1,1,1,0
489,1,0,0,0,1,1,1,0
490,0,1,1,0,0,0,1,0
491,1,0,1,0,0,0,0,1
492,0,0,1,0,1,0,0,1
493,1,0,0,0,1,0,1,1
494,0,0,1,1,0,0,0,1
495,1,0,0,0,1,0,1,0
496,1,0,0,0,0,1,0,0
497,1,0,1,0,1,1,1,1
498,0,0,1,1,1,0,0,0
499,1,1,1,0,1,1,1,1
500,1,0,0,0,1,1,1,0
501,0,0,1,0,1,1,1,0
502,0,0,0,0,1,0,1,0
503,1,0,0,0,1,0,1,0
504,1,0,0,0,1,0,1,1
505,1,1,1,0,1,0,0,1
506,1,1,0,0,0,0,1,0
507,0,0,0,0,1,1,0,0
508,0,0,0,0,1,1,1,1
509,1,0,0,0,0,0,0,0
510,1,0,0,0,1,0,1,0
511,0,0,1,0,0,0,0,0
512,0,0,1,1,0,0,0,0
513,0,0,1,0,0,0,0,0
514,1,1,1,0,1,1,1,0
515,1,0,1,0,0,0,0,0
516,1,1,0,0,1,0,1,1
517,0,0,1,0,0,1,0,0
518,1,1,1,0,1,0,1,1
519,1,0,0,0,1,0,1,0
520,0,0,0,0,1,0,1,0
521,1,1,1,1,1,1,1,0
522,0,0,1,1,0,0,0,0
523,0,0,0,0,1,1,0,0
524,0,0,1,0,0,0,0,0
525,0,0,0,0,0,1,1,0
526,1,1,1,0,0,1,0,0
527,1,0,0,0,1,1,1,0
528,0,0,1,0,0,1,0,0
529,0,0,1,0,1,0,0,1
530,0,0,1,0,0,0,1,0
531,1,0,0,0,1,1,1,0
532,1,0,1,0,0,1,0,1
533,0,0,1,0,0,0,0,0
534,1,1,0,1,1,0,1,0
535,1,1,1,0,1,1,1,0
536,0,0,1,0,0,0,0,0
537,0,0,1,0,1,0,0,0
538,1,0,0,0,1,1,1,0
539,1,1,1,1,1,1,1,0
540,0,0,1,0,0,0,0,0
541,0,0,1,0,1,1,0,0
542,0,0,1,0,0,0,0,0
543,0,0,1,0,0,0,0,1
544,0,0,1,0,1,0,1,0
545,0,0,1,0,0,0,0,1
546,1,0,1,0,1,0,0,0
547,1,0,0,0,1,0,1,0
548,1,1,0,0,1,0,0,0
549,0,0,1,0,0,0,0,0
550,0,0,0,0,0,0,1,1
551,0,0,0,0,1,0,0,0
552,0,0,0,0,0,0,0,0
553,0,0,1,0,0,1,0,0
554,1,1,0,1,1,1,1,0
555,0,0,0,0,1,0,1,0
556,1,0,0,0,1,0,1,1
557,0,0,0,0,0,1,0,0
558,0,0,1,0,0,0,0,1
559,0,0,1,0,0,0,0,0
560,0,0,0,0,0,0,1,0
561,0,0,1,0,1,0,0,0
562,1,0,1,0,1,0,1,0
563,1,0,1,0,0,0,0,1
564,0,0,0,0,1,0,1,0
565,1,0,0,0,1,1,1,0
566,1,0,1,0,1,0,1,0
567,0,0,1,0,0,0,0,0
568,0,0,0,1,0,0,0,0
569,0,0,1,0,0,0,0,1
570,0,0,1,0,0,0,0,0
571,1,0,0,0,1,1,0,0
572,0,0,1,0,0,1,0,1
573,1,0,0,0,0,0,0,0
574,0,0,1,1,0,0,1,0
575,1,0,1,0,0,0,0,0
576,1,0,0,0,1,0,1,1
577,0,0,1,0,0,0,0,0
578,0,0,1,0,0,0,0,0
579,1,0,1,0,0,0,0,0
580,0,0,1,0,0,0,0,0
581,0,0,1,0,0,1,0,1
582,0,0,1,0,0,0,0,0
583,0,0,0,0,0,1,0,0
584,0,0,1,0,1,0,0,0
585,1,0,1,0,0,0,0,0
586,0,0,1,0,0,0,0,0
587,1,0,1,0,0,0,1,1
588,1,0,1,0,0,1,0,0
589,1,0,0,0,1,1,0,0
590,0,0,0,0,0,1,0,0
591,0,0,1,0,0,0,0,1
592,0,0,1,0,1,1,0,0
593,0,0,1,0,0,0,1,0
594,1,0,1,0,0,0,0,0
595,0,0,0,0,1,1,1,0
596,1,0,1,0,0,1,0,0
597,0,0,0,0,0,1,1,0
598,0,0,1,1,1,0,0,0
599,0,0,1,0,0,1,0,1
600,0,0,0,0,1,1,1,0
601,1,0,1,0,1,0,1,0
602,1,0,1,0,1,1,1,0
603,0,0,0,0,0,1,0,1
604,1,1,0,0,1,1,1,0
605,1,0,0,0,1,1,1,0
606,0,0,1,0,0,0,0,0
607,0,0,1,1,0,0,0,0
608,1,1,0,0,0,0,0,0
609,1,0,1,0,0,0,0,0
610,1,1,0,0,1,1,0,0
611,0,0,1,0,0,1,0,1
612,0,0,1,0,0,0,0,0
613,1,0,1,0,1,1,1,1
614,0,0,1,0,1,0,1,0
615,1,0,0,0,1,1,1,0
616,0,0,1,0,0,0,0,1
617,1,0,0,1,1,0,1,0
618,1,0,1,0,1,0,1,1
619,1,0,0,0,1,0,1,0
620,0,0,1,0,1,0,0,1
621,1,1,1,0,1,1,1,0
622,1,1,1,1,1,1,1,1
623,0,0,0,0,0,1,0,0
624,1,1,0,0,1,1,1,0
625,1,0,0,0,0,0,1,0
626,0,0,1,0,1,0,0,0
627,0,0,1,0,1,0,0,1
628,1,0,1,0,1,1,1,0
629,0,0,1,0,0,0,0,0
630,1,0,0,1,0,0,1,0
631,0,0,1,0,0,0,0,0
632,0,0,1,0,0,0,0,0
633,1,0,1,0,1,0,0,1
634,1,0,0,0,1,0,1,0
635,0,0,1,0,0,1,0,0
636,1,0,1,0,0,0,0,0
637,0,0,1,0,0,0,0,1
638,1,0,1,0,0,0,1,0
639,0,0,0,0,1,1,1,0
640,1,0,1,0,0,1,0,1
641,0,0,1,0,0,0,0,0
642,1,0,0,0,0,0,0,0
643,1,0,1,0,0,0,0,1
644,0,0,1,0,0,0,0,0
645,0,0,0,0,1,0,0,0
646,0,0,1,0,0,0,0,0
647,0,0,1,0,0,0,0,1
648,1,0,0,0,1,1,0,0
649,1,0,0,0,1,1,1,0
650,0,0,1,0,0,0,0,0
651,0,0,1,0,1,1,0,0
652,0,0,0,0,0,1,0,0
653,0,0,0,1,0,1,0,0
654,0,0,1,1,0,0,0,0
655,1,0,1,0,1,0,0,1
656,1,0,0,0,1,0,1,0
657,0,0,1,0,1,0,1,0
658,0,0,1,0,0,0,0,1
659,0,0,1,0,0,0,1,1
660,1,0,1,0,1,0,1,0
661,0,0,1,0,0,0,0,0
662,1,0,0,0,1,0,1,0
663,0,0,1,0,0,1,0,0
664,1,0,0,0,1,1,1,0
665,1,0,0,0,1,0,1,0
666,1,1,1,1,1,1,1,1
667,0,0,1,0,1,0,0,0
668,1,0,0,0,0,0,0,0
669,0,0,1,0,0,0,0,0
670,0,0,1,0,0,0,0,0
671,0,0,1,0,1,0,0,1
672,1,0,1,0,0,0,0,1
673,0,0,0,0,0,1,1,1
674,0,0,0,0,1,0,1,0
675,1,0,0,0,1,0,0,0
676,1,0,0,0,1,0,1,0
677,1,0,0,0,1,0,1,0
678,1,0,1,0,1,1,0,1
679,1,0,0,0,1,0,1,0
680,1,0,1,0,1,0,1,1
681,0,0,0,0,1,0,1,0
682,0,0,1,0,0,0,0,1
683,0,0,1,0,0,0,0,0
684,0,0,1,0,0,0,0,0
685,0,0,1,0,0,0,0,1
686,0,0,1,0,1,1,0,0
687,1,0,0,0,1,0,1,0
688,0,0,0,0,0,0,1,0
689,0,0,1,0,0,0,0,0
690,0,0,1,0,0,0,0,0
691,1,0,1,0,0,0,0,1
692,1,0,0,0,0,1,0,0
693,0,0,1,0,0,0,0,1
694,0,0,1,0,0,0,0,0
695,1,0,0,0,1,0,1,0
696,0,0,1,0,1,0,0,0
697,0,0,1,0,0,0,0,0
698,0,0,0,0,0,1,0,0
699,1,0,0,0,0,1,0,0
700,0,0,1,0,0,1,0,1
701,0,0,1,0,0,0,0,0
702,0,0,1,0,0,0,0,1
703,0,0,1,0,1,1,0,1
704,1,1,1,0,0,0,0,0
705,1,0,0,0,1,0,1,0
706,0,0,0,0,0,0,1,0
707,0,1,0,0,0,0,0,0
708,1,0,1,0,1,1,1,0
709,1,1,1,1,0,0,1,0
710,0,0,0,0,0,0,1,0
711,0,1,0,0,0,0,0,0
712,1,0,1,0,1,0,0,0
713,0,0,1,0,0,0,0,0
714,0,0,1,0,1,0,1,0
715,1,1,1,1,1,1,1,1
716,0,0,1,0,1,0,0,0
717,1,0,1,0,0,1,1,1
718,0,0,0,0,1,1,0,0
719,1,0,0,0,1,0,1,0
720,1,0,0,0,1,1,1,0
721,0,0,1,0,0,0,0,0
722,0,0,0,0,1,0,1,0
723,0,0,1,0,1,0,1,1
724,1,0,0,0,1,0,1,0
725,1,0,1,0,0,1,0,0
726,0,0,1,0,1,0,0,0
727,0,0,0,0,0,0,0,1
728,0,1,0,0,0,0,0,0
729,0,0,0,0,0,1,0,1
730,1,0,0,1,1,0,1,0
731,1,0,0,0,1,0,1,0
732,0,0,1,0,1,0,0,0
733,0,0,1,0,1,0,0,0
734,0,0,1,0,0,0,0,0
735,0,1,0,0,0,1,0,0
736,1,0,1,0,1,0,1,0
737,0,0,1,0,0,1,0,0
738,1,0,0,0,1,1,1,1
739,0,1,1,0,0,0,0,1
740,0,0,1,0,0,0,0,0
741,1,1,1,1,1,1,1,1
742,0,1,0,0,1,1,1,0
743,0,0,1,0,0,0,0,0
744,1,0,1,0,1,1,1,1
745,1,0,0,0,1,0,1,0
746,1,0,0,0,1,0,0,0
747,1,0,1,0,1,0,1,0
748,0,0,1,0,0,0,0,1
749,0,0,0,1,0,0,0,0
750,0,0,0,0,0,1,0,0
751,0,1,1,0,1,0,0,0
752,0,1,0,0,0,1,1,0
753,0,1,1,0,0,1,0,0
754,0,0,1,0,0,0,0,1
755,0,0,1,0,1,0,1,0
756,1,1,0,0,1,1,1,1
757,1,0,1,0,0,1,0,0
758,0,0,0,0,0,1,0,0
759,1,1,1,0,0,0,0,1
760,1,0,0,1,0,0,1,0
761,0,0,0,0,1,0,0,0
762,0,0,1,0,0,0,0,0
763,0,0,1,0,0,0,1,1
764,0,0,1,0,0,0,0,0
765,0,0,1,0,0,0,0,0
766,1,1,1,0,0,0,1,1
767,0,0,1,0,0,0,0,0
768,0,0,1,0,0,1,0,1
769,1,0,1,0,0,0,1,0
770,0,0,1,0,0,0,0,1
771,1,0,0,0,1,0,1,0
772,0,0,1,0,0,0,0,1
773,0,0,1,0,0,0,0,0
774,1,0,0,0,1,1,1,0
775,0,0,1,0,1,0,1,0
776,0,0,0,0,0,0,1,0
777,0,0,0,1,0,0,0,0
778,1,1,1,1,1,1,1,1
779,0,0,0,1,1,0,1,0
780,0,0,1,0,0,0,0,0
781,0,0,1,0,0,0,0,0
782,0,0,1,0,0,0,0,0
783,1,0,0,0,0,0,1,0
784,1,0,0,0,0,1,0,1
785,1,0,0,0,1,0,1,0
786,1,0,1,1,1,1,1,1
787,0,0,0,0,0,1,0,0
788,0,1,0,0,1,1,1,0
789,1,1,0,0,1,0,1,0
790,0,0,0,0,1,1,0,0
791,1,0,1,0,0,1,0,1
792,1,0,0,0,1,0,1,0
793,0,0,0,0,1,0,0,0
794,0,0,0,0,0,1,0,0
795,0,0,1,0,1,0,0,0
796,1,1,1,0,0,0,0,0
797,0,0,1,0,0,0,0,0
798,1,0,1,0,1,0,1,0
799,0,0,1,0,0,1,0,1
800,1,1,1,1,1,1,1,1
801,1,1,1,0,0,0,1,0
802,1,0,1,0,1,1,1,1
803,0,0,0,0,1,0,1,0
804,1,0,0,0,1,0,1,0
805,0,0,1,0,0,0,0,0
806,1,0,0,0,0,1,1,0
807,0,0,0,0,1,0,1,0
808,1,0,0,0,1,0,1,0
809,0,1,0,0,0,0,0,0
810,0,0,1,0,0,0,0,1
811,1,0,0,1,1,0,1,0
812,1,0,0,0,1,0,1,0
813,1,0,1,0,0,0,0,1
814,0,0,1,0,1,0,1,1
815,1,0,1,0,1,0,1,0
816,1,0,0,0,1,1,1,1
817,1,0,0,0,0,0,0,1
818,0,0,1,0,0,0,0,0
819,1,0,0,0,0,1,0,0
820,1,0,1,0,1,0,1,0
821,1,0,1,0,1,1,0,0
822,1,0,1,1,0,0,0,1
823,1,0,1,0,1,1,0,1
824,0,0,0,0,0,0,1,0
825,0,0,1,0,0,0,1,0
826,1,0,0,0,1,1,1,0
827,0,0,1,0,1,1,0,0
828,0,0,0,0,0,1,0,0
829,1,0,1,0,0,0,0,0
830,0,0,1,0,0,0,0,0
831,1,0,1,0,1,1,1,1
832,0,0,1,0,1,0,1,0
833,0,0,1,0,0,0,0,0
834,0,0,1,0,0,0,0,0
835,0,0,0,0,0,0,1,0
836,0,1,0,0,1,0,0,0
837,0,0,1,0,0,0,0,0
838,1,0,0,0,0,0,1,0
839,1,0,1,0,0,0,0,0
840,0,0,1,0,0,0,0,0
841,0,0,1,0,0,0,0,1
842,1,1,1,0,1,0,0,0
843,1,0,1,0,0,0,0,1
844,1,1,1,1,1,1,1,1
845,1,0,0,1,0,1,1,0
846,0,0,1,0,0,1,0,0
847,0,0,1,0,1,1,0,1
848,0,0,1,0,0,0,0,0
849,0,0,1,0,0,0,0,0
850,1,0,1,0,0,0,0,1
851,1,0,0,0,0,0,0,0
852,1,0,1,0,1,0,1,1
853,1,0,1,0,0,1,0,0
854,0,0,1,0,0,0,0,1
855,0,0,0,0,1,0,1,0
856,1,0,1,0,0,0,0,1
857,1,1,0,1,1,1,1,1
858,0,1,0,0,1,0,1,1
859,1,1,0,0,0,0,0,0
860,0,0,1,0,0,0,0,0
861,0,0,1,0,0,0,0,0
862,1,0,1,0,0,0,0,0
863,1,0,1,1,1,1,1,1
864,0,1,1,0,1,1,0,1
865,1,0,0,0,1,0,0,0
866,0,0,0,0,1,1,1,0
867,1,0,1,0,0,0,1,0
868,0,1,1,0,0,0,0,0
869,0,0,1,0,1,1,0,0
870,1,0,1,0,0,0,1,0
871,0,0,1,0,1,0,0,1
872,1,0,0,0,1,0,1,0
873,1,0,0,0,0,1,1,0
874,0,0,0,0,0,0,0,1
875,1,1,1,0,1,0,0,0
876,1,0,1,0,0,0,0,1
877,0,1,1,1,1,1,1,0
878,0,0,1,0,0,0,0,1
879,0,0,0,0,0,0,0,1
880,1,0,0,0,1,0,1,0
881,0,0,1,0,0,0,0,1
882,0,0,1,0,0,0,0,0
883,1,0,1,0,1,0,0,1
884,0,0,0,0,0,1,0,0
885,0,0,1,0,0,0,0,0
886,0,0,0,0,0,1,1,1
887,0,0,0,0,1,1,0,1
888,1,0,1,0,1,1,1,0
889,1,0,0,0,1,0,1,0
890,1,0,1,0,1,0,1,0
891,1,0,1,0,1,0,0,0
892,0,1,1,1,1,1,1,1
893,1,0,1,0,1,0,1,0
894,0,0,0,0,1,1,1,0
895,0,0,1,0,0,1,0,1
896,0,0,1,0,0,0,0,1
897,1,0,1,0,1,1,0,0
898,0,0,1,0,0,0,0,1
899,1,0,1,0,1,0,0,0
900,0,0,0,0,0,0,1,0
901,1,0,0,1,1,0,1,0
902,1,0,1,0,1,0,1,1
903,1,1,0,0,1,0,1,0
904,0,0,1,0,0,0,0,0
905,1,0,1,1,1,1,1,0
906,0,1,0,0,0,0,0,1
907,1,0,1,0,0,0,1,0
908,0,0,0,1,1,0,0,0
909,0,0,0,0,1,0,0,0
910,1,1,0,0,1,1,1,1
911,0,0,1,0,0,0,0,0
912,1,0,1,0,0,0,0,0
913,0,1,1,1,0,1,0,1
914,1,0,1,0,1,0,0,1
915,1,0,0,0,1,1,1,0
916,0,0,1,0,0,0,0,0
917,0,0,1,0,0,0,0,1
918,0,0,1,1,1,1,1,0
919,1,1,0,0,1,1,1,0
920,0,0,1,0,0,0,1,0
921,1,0,0,0,0,1,0,0
922,0,0,0,0,1,1,1,0
923,1,0,1,0,0,0,0,0
924,1,0,0,0,1,1,1,0
925,1,0,0,0,0,0,1,1
926,1,0,1,0,0,0,0,1
927,0,0,1,0,0,1,0,0
928,0,0,1,0,0,0,0,1
929,0,0,1,0,0,0,0,0
930,1,0,1,0,0,0,0,1
931,1,0,1,0,1,0,1,1
932,1,0,1,0,1,0,1,1
933,0,0,0,0,0,0,0,1
934,1,0,1,0,1,0,0,0
935,1,1,0,0,1,1,1,0
936,0,0,1,0,0,1,0,0
937,0,1,1,0,1,0,1,0
938,0,1,1,0,0,0,1,0
939,1,0,0,0,0,1,1,0
940,0,0,1,0,0,0,0,0
941,1,0,1,0,0,1,0,1
942,0,0,0,0,1,0,1,1
943,1,0,1,0,1,1,0,1
944,0,0,1,0,0,0,1,0
945,0,0,0,0,1,0,1,0
946,0,0,1,0,0,0,0,0
947,0,0,1,0,0,0,1,0
948,1,0,1,0,0,0,1,0
949,0,0,1,0,0,0,0,0
950,1,0,1,0,1,0,1,0
951,0,0,1,0,1,0,1,1
952,1,0,0,0,1,0,1,0
953,0,0,1,0,0,0,0,0
954,1,0,1,0,0,0,0,0
955,0,0,1,0,0,0,1,0
956,1,1,0,1,1,1,1,1
957,0,0,1,0,0,0,0,0
958,1,1,1,1,1,1,1,1
959,0,0,1,0,0,0,0,1
960,1,1,1,1,1,1,1,1
961,1,0,1,0,1,0,1,0
962,0,0,1,0,0,0,0,0
963,1,0,0,0,1,0,1,0
964,1,0,0,0,1,1,1,0
965,1,0,1,0,0,0,0,1
966,0,0,0,0,0,1,0,0
967,0,0,1,0,0,0,0,0
968,0,0,1,0,1,0,0,0
969,0,1,1,0,1,0,1,0
970,0,0,0,0,1,1,1,0
971,0,0,1,0,1,0,0,0
972,0,0,1,0,0,0,0,0
973,0,0,0,0,1,0,1,0
974,0,0,1,0,1,0,0,0
975,0,0,1,0,1,0,0,1
976,0,0,1,1,1,1,1,1
977,0,0,1,0,1,0,0,1
978,0,0,1,0,0,0,0,0
979,0,0,0,0,0,0,1,1
980,0,0,1,0,0,0,0,0
981,0,0,1,0,0,0,0,0
982,1,1,0,0,1,0,1,0
983,1,0,0,0,0,0,0,0
984,0,0,1,0,1,0,0,1
985,1,0,1,0,1,1,1,0
986,0,0,1,0,0,0,0,1
987,0,0,0,0,1,1,1,0
988,1,0,0,0,1,0,0,0
989,0,0,0,0,0,1,0,1
990,1,0,0,0,1,0,0,0
991,1,0,1,0,1,1,0,1
992,1,0,0,0,0,0,1,1
993,0,0,1,0,1,1,1,0
994,1,0,1,0,1,0,1,1
995,0,1,1,0,1,1,1,0
996,1,0,1,0,0,1,1,0
997,0,0,1,0,0,0,0,1
998,1,0,1,0,1,0,1,0
999,0,1,1,0,0,1,0,0
1000,0,0,1,0,0,0,0,0
1001,1,0,1,0,1,1,0,0
1002,0,0,1,0,0,0,0,0
1003,0,0,1,1,0,0,0,0
1004,1,0,1,0,0,0,0,0
1005,1,0,0,0,1,0,1,0
1006,1,0,0,0,1,1,1,0
1007,1,0,1,0,1,1,1,0
1008,1,0,1,1,0,0,0,0
1009,1,0,0,0,1,0,1,0
1010,0,0,1,0,0,0,0,1
1011,1,0,0,0,1,0,1,0
1012,1,1,1,0,0,0,0,0
1013,0,0,1,0,0,0,0,0
1014,0,0,1,0,0,1,1,0
1015,1,0,1,0,1,0,1,0
1016,1,0,0,0,1,0,1,0
1017,1,0,1,0,1,1,1,0
1018,1,0,1,0,1,1,0,1
1019,0,0,1,0,0,0,0,0
1020,1,0,1,0,1,0,0,0
1021,1,1,0,0,1,1,1,0
1022,1,1,1,1,1,1,1,1
1023,1,0,1,0,0,1,0,1
1024,0,0,1,0,1,0,1,1
1025,1,1,1,1,1,1,1,1
1026,0,0,1,0,1,0,1,0
1027,0,0,1,0,0,0,0,0
1028,1,0,0,0,1,0,1,0
1029,0,0,0,0,1,0,0,1
1030,0,0,0,0,0,1,1,0
1031,0,0,1,1,0,0,1,0
1032,1,0,0,1,0,0,0,0
1033,1,0,0,0,0,0,1,0
1034,0,0,1,0,0,0,0,0
1035,0,0,1,0,1,1,1,0
1036,0,0,0,0,1,1,1,0
1037,0,0,1,0,0,0,0,0
1038,1,0,1,0,1,0,0,0
1039,0,0,1,0,0,0,0,0
1040,1,0,1,0,1,0,1,1
1041,0,0,1,0,1,1,0,0
1042,0,0,1,0,1,0,1,0
1043,1,0,1,0,1,0,0,0
1044,1,0,1,0,1,0,0,0
1045,1,0,1,0,0,1,0,0
1046,1,0,1,1,0,0,1,0
1047,0,0,1,0,0,0,0,0
1048,0,0,0,0,1,0,1,1
1049,1,0,1,0,1,0,0,1
1050,0,0,0,0,0,1,1,0
1051,0,0,1,0,1,0,1,0
1052,1,0,1,0,0,0,0,0
1053,0,0,1,0,0,0,0,0
1054,1,0,1,0,1,0,1,0
1055,0,0,1,0,0,0,0,0
1056,0,0,0,0,1,0,1,0
1057,1,1,0,0,1,0,0,0
1058,0,0,1,0,0,0,0,0
1059,1,0,0,0,1,0,1,0
1060,1,0,0,0,1,1,1,0
1061,1,0,1,0,1,0,1,0
1062,1,0,1,1,1,0,0,0
1063,0,0,1,0,0,0,0,1
1064,1,0,0,0,1,0,1,0
1065,0,0,1,0,1,1,0,0
1066,0,0,1,0,1,0,0,1
1067,0,0,1,0,0,0,0,0
1068,0,1,1,0,0,1,0,1
1069,1,0,1,0,0,0,1,0
1070,1,0,1,0,0,0,1,0
1071,1,0,0,0,1,0,1,0
1072,1,1,0,0,0,1,0,0
1073,1,0,0,0,1,0,1,1
1074,1,0,1,0,1,0,0,0
1075,0,0,1,0,0,1,0,0
1076,0,0,1,0,0,0,0,1
1077,0,0,1,0,1,0,0,0
1078,0,0,1,0,0,0,0,0
1079,0,0,1,0,0,0,0,1
1080,0,0,1,0,0,0,0,0
1081,0,0,1,0,0,0,0,0
1082,1,1,1,0,0,0,0,0
1083,1,0,1,0,0,0,1,0
1084,1,0,1,0,1,1,1,1
1085,0,0,1,0,0,0,0,0
1086,1,0,0,0,0,1,0,0
1087,0,0,0,0,1,0,0,0
1088,1,0,1,0,1,1,0,0
1089,0,0,0,0,0,1,1,0
1090,0,0,1,0,0,0,0,1
1091,0,0,0,0,1,1,0,0
1092,0,0,1,0,0,0,0,0
1093,0,1,1,0,0,0,0,0
1094,0,0,1,0,0,0,0,0
1095,1,0,0,0,0,0,1,0
1096,1,0,1,0,0,1,0,0
1097,0,0,1,0,0,0,0,0
1098,1,1,0,0,1,0,0,0
1099,0,0,1,0,1,0,1,0
1100,1,0,1,0,1,0,0,0
1101,0,0,1,0,1,1,0,1
1102,1,0,1,0,1,1,0,0
1103,1,0,0,1,1,0,1,0
1104,0,0,1,0,0,0,0,0
1105,0,0,1,0,0,0,0,1
1106,1,0,0,1,0,0,1,0
1107,1,0,1,0,0,1,0,0
1108,1,0,0,1,0,1,0,1
1109,1,0,0,0,0,0,0,0
1110,1,0,1,0,0,0,0,0
1111,0,0,1,0,0,0,0,1
1112,1,0,0,0,1,1,1,0
1113,1,0,1,0,0,0,0,0
1114,0,0,1,0,0,0,0,0
1115,1,0,0,0,1,0,1,0
1116,1,1,0,0,1,0,0,0
1117,0,0,1,0,0,0,0,1
1118,1,0,1,0,1,0,0,0
1119,1,0,1,0,1,0,1,0
1120,1,0,1,0,1,0,1,0
1121,1,0,0,0,0,1,0,0
1122,1,0,1,0,1,0,0,1
1123,0,0,1,0,0,0,0,1
1124,0,0,0,0,1,0,1,1
1125,0,0,1,0,1,0,0,0
1126,0,0,1,0,0,0,0,0
1127,1,0,0,0,1,0,1,1
1128,0,0,1,0,0,0,0,0
1129,0,0,1,0,0,0,1,0
1130,1,1,0,0,1,1,1,0
1131,0,0,1,0,1,0,0,0
1132,0,1,1,0,1,0,0,1
1133,0,0,1,0,0,0,0,0
1134,0,0,1,0,0,0,0,0
1135,1,1,1,1,0,1,0,0
1136,0,0,1,0,0,0,0,1
1137,1,0,0,0,0,0,1,0
1138,0,0,0,0,1,1,0,0
1139,1,0,0,0,0,0,1,0
1140,0,0,1,0,0,0,0,0
1141,1,0,0,0,1,0,1,1
1142,0,0,1,0,0,1,0,0
1143,0,0,1,0,0,1,0,0
1144,1,0,1,0,0,0,0,0
1145,0,0,0,0,0,0,1,0
1146,1,1,1,0,1,0,0,1
1147,0,0,1,0,0,0,0,1
1148,1,0,1,0,0,0,0,1
1149,1,0,1,0,1,0,1,0
1150,1,0,0,0,1,0,1,0
1151,1,1,0,0,1,0,1,0
1152,0,0,1,0,0,1,0,0
1153,1,0,0,0,1,0,1,0
1154,0,0,0,0,0,1,0,0
1155,0,0,1,0,0,0,0,0
1156,1,0,0,0,0,0,1,0
1157,1,0,0,1,1,0,1,0
1158,0,0,1,0,0,0,0,0
1159,1,1,0,0,1,1,1,0
1160,0,0,1,0,0,0,0,0
1161,1,0,1,0,0,0,0,0
1162,1,0,1,0,0,0,0,0
1163,0,0,1,0,0,0,0,1
1164,0,0,0,0,1,1,1,0
1165,1,0,1,0,1,0,0,0
1166,1,0,0,0,1,0,1,0
1167,0,0,0,0,0,0,0,1
1168,0,0,1,0,1,0,1,0
1169,1,0,1,0,1,0,0,0
1170,0,0,1,0,0,0,0,0
1171,0,0,1,0,0,0,0,1
1172,1,0,1,0,1,0,0,0
1173,0,0,1,0,0,0,0,0
1174,0,0,1,0,0,0,0,0
1175,1,0,0,0,1,0,1,0
1176,1,1,1,0,1,1,1,0
1177,0,0,1,0,0,0,0,0
1178,0,0,1,0,0,0,0,0
1179,1,0,0,0,0,1,0,0
1180,1,0,1,0,1,1,1,0
1181,1,0,1,0,1,1,0,1
1182,0,0,1,0,0,0,0,0
1183,0,0,1,0,1,1,1,0
1184,1,0,1,0,0,0,1,0
1185,0,0,0,0,1,0,1,1
1186,0,0,1,0,0,0,0,0
1187,1,0,1,0,0,1,0,1
1188,0,0,0,0,1,0,1,0
1189,0,0,1,0,1,1,0,0
1190,1,1,0,0,1,1,1,1
1191,0,0,0,0,1,0,1,0
1192,0,0,1,0,0,0,0,0
1193,0,0,0,0,0,1,0,0
1194,0,0,1,0,1,0,0,0
1195,1,0,0,0,1,0,1,0
1196,1,0,0,0,1,0,0,0
1197,1,0,1,0,0,1,0,0
1198,1,1,1,0,0,0,0,1
1199,0,0,1,0,0,1,0,1
1200,0,0,1,0,0,0,0,0
1201,0,0,1,0,0,0,0,1
1202,1,0,1,0,1,1,1,1
1203,0,0,1,0,0,0,0,0
1204,1,1,0,0,1,1,1,0
1205,0,0,1,0,0,0,0,0
1206,0,0,1,0,0,0,0,0
1207,0,0,1,0,0,0,0,1
1208,1,1,1,0,1,0,1,1
1209,0,0,1,0,1,0,0,1
1210,1,0,0,0,1,0,1,0
1211,0,0,1,0,1,0,0,1
1212,0,0,1,0,0,0,0,0
1213,0,0,1,0,0,0,0,0
1214,1,0,1,0,1,0,0,0
1215,1,1,1,0,1,1,1,1
1216,0,0,1,0,1,0,0,0
1217,0,0,1,0,0,0,1,0
1218,1,0,0,0,1,1,1,0
1219,1,0,1,0,1,1,1,0
1220,0,0,1,0,0,0,0,0
1221,0,0,1,0,1,0,1,1
1222,0,0,1,0,1,0,0,0
1223,0,0,1,0,0,0,0,0
1224,0,0,1,0,0,0,0,0
1225,0,0,1,0,0,0,0,1
1226,1,1,1,0,1,0,1,1
1227,1,0,1,1,1,1,1,0
1228,1,0,0,0,1,0,0,0
1229,1,0,0,0,1,1,0,1
1230,0,0,1,0,0,0,0,1
1231,1,0,0,0,0,0,0,0
1232,1,0,1,0,1,0,0,1
1233,0,0,1,0,0,0,0,1
1234,0,0,1,1,0,0,0,1
1235,0,0,1,0,1,1,0,0
1236,1,1,0,0,0,1,1,0
1237,1,1,0,0,1,1,1,1
1238,1,0,0,1,1,0,1,0
1239,0,1,0,0,0,0,1,0
1240,0,1,1,0,0,0,0,1
1241,1,0,0,0,0,0,0,0
1242,1,0,1,0,0,0,0,0
1243,1,0,1,0,1,1,1,0
1244,0,0,1,0,1,0,0,0
1245,0,0,1,0,0,0,0,0
1246,1,0,0,0,1,1,0,0
1247,0,0,1,0,0,0,0,0
1248,0,0,1,0,0,1,0,0
1249,0,0,1,0,0,0,0,1
1250,1,0,0,0,0,1,0,0
1251,1,0,1,1,1,0,1,0
1252,0,0,1,0,0,0,0,0
1253,0,0,1,0,1,0,0,0
1254,0,0,0,0,1,1,1,0
1255,1,1,1,1,1,1,1,1
1256,1,0,1,0,1,0,1,0
1257,1,0,1,0,1,0,1,0
1258,1,1,1,1,1,0,1,1
1259,1,0,0,0,1,0,1,0
1260,0,0,1,0,0,0,0,0
1261,1,0,1,0,0,0,0,0
1262,0,0,0,1,1,0,1,0
1263,0,0,1,0,1,1,1,0
1264,0,0,1,0,1,0,0,1
1265,1,0,1,0,0,0,0,0
1266,1,0,1,0,1,1,1,1
1267,1,0,1,0,0,0,0,1
1268,0,1,0,0,1,0,1,0
1269,0,1,0,0,1,0,1,0
1270,0,0,1,0,0,0,0,0
1271,0,0,1,0,0,0,0,0
1272,1,1,1,1,1,1,1,1
1273,0,0,1,0,0,0,0,0
1274,0,0,0,1,1,0,1,0
1275,1,0,1,0,0,0,0,0
1276,0,0,1,0,0,1,1,0
1277,0,0,1,0,0,0,0,1
1278,0,0,1,0,0,0,0,1
1279,0,1,0,0,1,0,1,0
1280,1,0,0,0,1,0,1,0
1281,0,0,1,0,1,0,0,0
1282,1,0,1,0,0,1,0,0
1283,0,0,1,0,0,0,0,0
1284,0,0,1,0,0,0,0,0
1285,1,0,0,0,1,0,1,0
1286,1,0,1,0,0,1,0,1
1287,0,0,1,0,0,0,0,0
1288,0,0,0,0,0,1,1,0
1289,0,0,1,0,0,0,0,0
1290,0,1,1,0,1,1,1,0
1291,1,0,1,0,1,0,0,0
1292,1,0,0,0,1,0,1,0
1293,1,0,1,0,0,0,0,0
1294,0,0,1,0,0,0,0,0
1295,1,1,1,0,1,1,1,0
1296,0,0,1,0,0,0,1,1
1297,0,0,1,0,1,1,0,0
1298,0,0,0,0,0,1,0,0
1299,1,0,0,0,1,1,1,0
1300,0,0,0,0,0,1,0,0
1301,0,0,0,0,0,1,1,1
1302,1,0,1,0,1,1,0,1
1303,0,0,1,0,1,0,0,0
1304,1,1,1,0,1,0,1,0
1305,0,0,1,0,0,0,0,1
1306,0,0,1,0,0,0,0,0
1307,0,1,0,0,1,1,0,1
1308,0,0,0,0,1,1,1,1
1309,1,0,1,0,0,0,0,1
1310,0,1,0,0,0,1,0,0
1311,1,0,0,0,1,0,1,1
1312,0,0,1,0,0,1,0,0
1313,0,0,0,0,1,1,1,1
1314,1,0,1,0,1,0,1,0
1315,1,0,1,0,0,1,0,1
1316,1,0,1,0,1,0,0,1
1317,0,0,1,0,1,0,1,1
1318,1,0,0,0,1,1,1,0
1319,1,0,1,0,1,1,0,0
1320,0,0,1,0,0,1,0,1
1321,0,0,1,0,0,0,0,0
1322,1,0,1,0,1,0,0,0
1323,1,0,1,0,0,0,1,0
1324,0,0,0,0,0,1,0,0
1325,0,0,1,0,1,0,0,0
1326,0,0,0,1,1,0,1,0
1327,1,0,1,0,1,1,0,0
1328,1,0,0,0,1,1,1,1
1329,0,0,0,0,0,1,0,0
1330,0,0,1,0,0,0,0,1
1331,1,0,1,0,0,0,1,0
1332,1,0,1,0,1,1,0,0
1333,0,0,1,0,0,0,0,0
1334,1,1,0,0,1,0,0,0
1335,0,0,1,0,0,0,0,1
1336,0,0,1,0,0,0,0,1
1337,0,0,0,0,0,0,1,0
1338,1,0,1,0,1,1,1,1
1339,0,0,1,0,0,1,0,0
1340,0,0,1,0,0,0,0,1
1341,0,0,1,0,0,0,0,0
1342,1,1,1,0,0,0,0,0
1343,0,1,0,0,0,1,0,0
1344,0,0,0,0,0,1,0,0
1345,0,0,1,0,0,0,0,0
1346,1,0,1,0,1,0,1,1
1347,0,0,1,0,0,0,0,0
1348,1,0,0,0,1,0,1,0
1349,1,0,0,0,1,0,1,0
1350,0,0,1,0,0,0,0,1
1351,0,0,0,0,0,1,0,0
1352,0,1,1,0,0,1,0,0
1353,1,1,0,1,1,1,0,0
1354,0,0,1,0,1,0,1,0
1355,0,0,1,0,0,0,0,0
1356,0,1,1,0,0,0,0,1
1357,0,1,1,0,0,0,0,0
1358,1,0,1,0,0,0,0,1
1359,1,1,1,1,1,1,1,1
1360,1,1,1,1,1,0,1,1
1361,1,0,1,0,1,0,0,0
1362,1,1,1,1,0,0,1,1
1363,0,0,1,0,0,1,0,1
1364,1,0,0,0,0,0,1,0
1365,0,0,1,0,1,0,0,1
1366,0,0,0,0,0,0,1,0
1367,0,0,1,0,0,0,0,0
1368,1,0,1,0,1,0,1,1
1369,1,0,1,0,0,0,1,0
1370,1,0,1,0,1,1,0,0
1371,1,1,0,1,1,1,1,0
1372,0,1,0,0,1,0,1,0
1373,1,0,1,0,1,0,0,1
1374,1,0,0,0,0,1,0,0
1375,0,0,0,0,0,1,0,1
1376,0,0,1,0,0,0,1,0
1377,1,1,1,1,1,1,1,0
1378,0,0,0,0,1,1,0,0
1379,0,0,1,0,0,0,0,0
1380,0,0,0,0,1,0,1,1
1381,1,0,1,0,1,0,0,0
1382,1,1,0,0,0,1,0,0
1383,0,0,1,0,0,0,0,0
1384,1,0,0,0,1,0,1,0
1385,0,0,0,0,0,1,0,0
1386,0,0,1,0,0,0,0,0
1387,1,0,1,0,1,0,1,0
1388,0,0,1,0,0,1,0,1
1389,0,0,1,0,0,0,0,0
1390,1,1,0,0,1,0,1,0
1391,1,0,1,0,0,1,0,0
1392,0,0,1,0,0,1,0,0
1393,0,0,0,1,1,0,1,0
1394,1,0,1,0,1,0,1,0
1395,0,0,0,0,1,0,1,0
1396,1,0,1,0,1,0,0,0
1397,0,0,1,0,0,0,0,0
1398,0,0,1,0,0,0,0,0
1399,1,0,0,0,1,1,1,0
1400,1,0,1,0,1,1,1,0
1401,1,0,1,0,1,0,1,0
1402,0,0,0,0,1,0,0,0
1403,1,0,0,0,1,0,1,0
1404,1,1,1,1,1,1,1,1
1405,0,0,0,0,0,1,0,0
1406,0,0,1,0,0,0,0,0
1407,0,0,0,0,1,1,0,0
1408,1,0,0,0,1,0,1,0
1409,1,1,1,1,1,1,1,1
1410,0,0,1,0,0,0,0,1
1411,1,1,1,1,1,1,1,1
1412,1,0,1,0,1,0,1,1
1413,0,0,1,0,1,0,1,0
1414,0,0,0,0,1,0,1,0
1415,0,0,1,0,0,0,0,0
1416,1,0,1,0,0,0,0,0
1417,1,0,0,0,1,0,1,0
1418,0,0,1,1,1,0,0,1
1419,0,0,1,0,0,1,0,1
1420,1,0,0,0,1,0,1,0
1421,0,0,1,0,0,1,0,1
1422,1,0,1,0,0,0,0,0
1423,1,0,1,0,1,0,0,0
1424,1,0,0,0,1,1,1,0
1425,1,0,1,0,1,0,1,0
1426,1,1,1,1,1,1,1,1
1427,1,0,1,0,1,0,0,0
1428,0,0,0,0,0,1,0,0
1429,0,0,1,0,0,0,0,1
1430,1,0,1,1,1,0,1,0
1431,1,0,0,0,0,0,0,0
1432,1,0,1,0,0,0,0,0
1433,0,0,1,0,0,0,0,1
1434,1,0,1,0,1,0,0,0
1435,0,1,0,0,0,1,1,1
1436,0,0,0,0,1,1,1,0
1437,0,0,1,0,0,0,0,0
1438,0,0,1,0,1,0,1,1
1439,0,0,1,0,0,0,0,0
1440,1,0,1,0,0,0,0,1
1441,1,0,1,0,0,1,0,0
1442,0,1,0,0,0,1,1,0
1443,0,0,0,0,1,0,1,1
1444,1,0,1,0,1,0,1,0
1445,0,0,0,0,0,1,0,0
1446,0,0,0,0,1,0,0,0
1447,0,0,1,0,0,0,0,0
1448,0,0,1,0,0,0,0,0
1449,0,0,1,0,1,0,0,1
1450,1,1,1,1,1,1,1,1
1451,0,0,1,0,0,0,0,0
1452,0,0,1,0,0,0,0,0
1453,1,0,0,1,0,0,1,0
1454,0,0,1,0,0,0,0,0
1455,1,1,1,0,0,1,0,0
1456,1,0,0,0,0,1,1,1
1457,1,0,0,0,0,0,1,0
1458,0,0,1,0,0,0,0,0
1459,1,0,0,0,1,1,1,0
1460,0,0,1,0,1,0,0,0
1461,0,0,1,0,0,0,0,0
1462,0,0,1,0,0,0,0,0
1463,1,0,0,0,1,0,1,0
1464,0,0,1,0,0,0,0,0
1465,0,0,1,0,0,0,0,1
1466,1,0,1,0,0,0,0,0
1467,0,0,0,0,1,0,0,0
1468,1,0,0,0,1,0,1,0
1469,1,0,1,0,1,0,1,0
1470,1,1,1,0,1,1,0,1
1471,0,0,1,0,0,0,0,0
1472,0,0,0,0,1,1,1,0
1473,0,0,1,0,0,0,0,0
1474,0,0,0,0,1,0,1,0
1475,1,0,0,0,1,0,1,0
1476,1,0,0,0,1,0,0,1
1477,0,0,1,0,1,0,0,0
1478,1,0,0,0,1,0,1,0
1479,0,0,1,0,1,0,0,1
1480,0,0,0,0,0,0,0,1
1481,0,0,1,0,0,0,1,0
1482,1,1,1,0,0,1,0,1
1483,1,0,1,0,1,0,0,1
1484,1,0,0,0,1,1,1,0
1485,1,0,0,0,1,0,0,0
1486,0,0,0,0,1,0,1,0
1487,0,0,0,0,1,1,1,0
1488,1,0,1,0,0,0,0,0
1489,1,1,1,1,1,1,1,1
1490,1,0,0,0,0,1,1,0
1491,0,0,1,1,0,0,0,1
1492,1,0,0,0,1,1,1,0
1493,0,1,0,0,0,0,1,0
1494,0,0,1,0,0,1,0,0
1495,0,0,1,0,0,0,0,0
1496,0,0,1,0,1,0,0,1
1497,0,0,1,0,0,0,0,0
1498,0,0,0,0,0,1,0,0
1499,0,0,1,0,1,1,0,0
1500,1,0,1,0,0,1,0,1
1501,0,0,0,0,0,1,0,0
1502,1,0,1,0,1,0,1,0
1503,1,0,1,0,0,0,0,1
1504,1,0,0,0,1,1,1,0
1505,1,0,0,1,1,0,1,0
1506,1,1,1,1,0,1,1,1
1507,1,0,1,1,1,1,1,0
1508,1,0,0,0,0,0,1,1
1509,0,0,0,0,1,1,0,1
1510,0,0,1,0,0,0,0,0
1511,0,0,1,0,1,0,0,0
1512,0,0,0,0,0,1,1,1
1513,0,0,0,0,1,0,1,0
1514,1,0,1,0,0,0,0,0
1515,1,0,0,0,1,1,1,0
1516,1,0,0,0,0,0,1,0
1517,0,0,1,0,0,0,0,0
1518,0,0,1,1,0,0,0,1
1519,0,0,1,0,0,0,0,0
1520,0,0,0,0,1,0,0,0
1521,1,1,0,0,0,0,1,0
1522,0,0,0,0,1,1,1,0
1523,0,0,1,0,0,0,0,0
1524,0,0,0,0,1,0,1,1
1525,1,0,0,0,1,0,1,0
1526,1,1,1,1,1,1,1,1
1527,1,0,1,0,1,1,1,0
1528,1,0,1,0,0,0,0,0
1529,1,0,1,0,0,0,0,0
1530,1,0,1,0,1,0,0,0
1531,0,0,1,0,0,0,0,0
1532,1,1,0,0,1,1,1,0
1533,1,0,1,1,1,1,1,1
1534,0,0,1,0,0,0,0,0
1535,0,0,1,0,0,0,0,0
1536,1,0,0,0,1,1,0,0
1537,0,0,1,0,0,1,0,1
1538,1,0,1,0,1,0,0,0
1539,1,0,1,0,1,0,1,1
1540,1,0,0,0,1,0,1,0
1541,0,0,1,0,0,0,0,0
1542,1,0,0,0,1,0,1,1
1543,1,0,0,0,1,0,1,0
1544,1,0,0,0,0,0,0,1
1545,0,0,1,0,0,0,0,0
1546,1,1,0,0,1,0,0,0
1547,1,0,1,0,1,0,1,1
1548,1,0,1,0,1,1,1,0
1549,1,1,0,0,1,0,1,0
1550,1,1,0,0,1,0,1,0
1551,1,0,1,1,0,0,0,0
1552,0,1,0,0,0,0,1,0
1553,1,0,1,0,0,0,0,0
1554,0,0,1,0,1,1,1,0
1555,0,0,0,1,1,1,1,0
1556,1,0,1,0,1,0,1,0
1557,0,0,1,0,1,0,0,0
1558,0,0,0,0,1,0,1,1
1559,1,0,1,0,0,0,0,0
1560,0,0,1,0,0,0,0,0
1561,0,0,1,0,0,0,0,1
1562,0,0,1,0,0,0,0,0
1563,1,1,1,0,0,0,0,0
1564,0,0,1,0,0,0,0,1
1565,0,0,0,0,1,0,1,0
1566,1,0,1,0,0,0,0,0
1567,0,0,1,0,0,0,0,0
1568,1,0,1,0,0,0,0,0
1569,1,0,1,0,0,0,1,0
1570,1,0,1,0,1,0,1,1
1571,1,0,0,0,0,1,0,0
1572,1,1,0,0,1,0,1,0
1573,0,0,1,0,0,0,0,0
1574,1,0,1,1,1,0,0,0
1575,1,1,1,1,1,1,1,1
1576,0,0,1,0,0,1,0,1
1577,1,0,1,0,1,0,1,0
1578,1,0,0,0,0,1,1,0
1579,1,0,1,0,0,0,0,0
1580,0,0,1,0,0,0,0,0
1581,1,0,1,0,1,1,1,1
1582,0,0,1,0,1,0,0,0
1583,1,0,1,0,0,0,1,0
1584,0,0,0,0,1,0,1,0
1585,0,0,1,0,0,0,0,1
1586,1,0,0,0,0,0,1,0
1587,1,1,1,1,1,0,0,0
1588,0,0,1,0,0,0,0,1
1589,0,0,1,0,1,0,0,0
1590,1,0,0,0,0,0,1,0
1591,0,0,1,0,0,0,0,1
1592,1,0,1,0,1,1,0,1
1593,1,0,1,0,0,0,0,0
1594,0,0,1,0,0,0,0,0
1595,1,0,0,0,0,1,1,0
1596,1,0,1,0,1,0,1,1
1597,1,1,1,1,1,1,1,1
1598,0,0,1,0,0,0,0,0
1599,1,0,1,0,0,1,0,0
1600,0,0,1,0,0,1,0,0
1601,0,0,0,0,0,1,0,0
1602,1,0,1,0,0,0,0,1
1603,1,0,1,0,0,0,0,0
1604,0,0,1,0,0,0,0,0
1605,1,0,0,0,1,1,1,0
1606,1,0,0,1,1,0,1,0
1607,0,0,0,0,0,1,1,0
1608,1,0,0,0,1,0,1,1
1609,1,0,1,0,1,1,1,1
1610,0,0,1,0,0,0,0,0
1611,0,0,1,0,0,0,1,1
1612,1,1,1,0,0,1,1,1
1613,1,0,0,0,1,0,1,0
1614,1,0,0,0,1,0,1,0
1615,0,0,1,0,1,0,0,0
1616,0,0,1,0,0,0,0,0
1617,1,0,0,0,0,0,1,1
1618,0,0,1,0,0,0,0,0
1619,1,0,1,0,0,0,0,0
1620,0,0,1,0,0,0,1,1
1621,1,0,1,0,0,0,0,0
1622,1,0,0,0,1,1,0,0
1623,0,0,0,0,1,0,0,0
1624,1,0,1,0,0,1,0,0
1625,1,0,0,0,0,0,0,0
1626,0,0,0,1,0,0,1,1
1627,1,0,0,0,0,1,1,0
1628,1,0,1,0,0,1,0,0
1629,0,0,1,0,0,0,0,1
1630,1,1,0,1,1,1,1,1
1631,0,0,1,0,0,0,0,0
1632,1,0,1,0,0,0,1,1
1633,0,0,1,0,0,1,0,1
1634,0,0,1,0,0,0,0,0
1635,0,0,1,0,1,0,0,0
1636,0,0,1,0,0,0,1,1
1637,0,0,0,0,1,0,1,0
1638,1,1,1,1,1,1,1,0
1639,1,0,1,0,0,0,0,0
1640,1,0,0,0,1,1,1,0
1641,0,0,1,0,0,0,0,0
1642,0,0,1,0,1,0,0,0
1643,0,0,1,0,0,0,0,0
1644,1,0,1,0,0,0,0,0
1645,0,0,0,0,1,1,1,0
1646,1,1,1,0,0,1,0,0
1647,0,0,1,0,0,0,0,0
1648,0,0,0,0,0,0,0,0
1649,0,1,1,1,0,0,0,0
1650,1,0,1,0,0,0,0,1
1651,0,0,1,0,0,0,0,0
1652,0,0,1,0,0,0,0,0
1653,0,0,1,0,0,1,0,0
1654,0,0,1,0,1,0,0,0
1655,1,0,1,0,0,0,1,0
1656,0,0,0,0,0,1,1,0
1657,0,1,0,0,0,0,1,0
1658,1,0,1,0,0,1,0,0
1659,0,0,1,0,0,0,0,1
1660,1,0,1,0,0,0,1,0
1661,0,0,0,1,1,0,1,0
1662,1,0,1,0,0,1,0,0
1663,1,0,0,0,1,0,1,0
1664,1,0,0,0,1,0,1,0
1665,1,0,1,0,1,0,0,0
1666,1,0,1,0,1,0,0,0
1667,1,0,1,1,1,1,1,0
1668,0,0,1,0,0,0,1,0
1669,0,0,1,0,0,0,0,0
1670,1,0,0,0,1,0,1,1
1671,0,0,1,0,0,0,1,1
1672,0,0,1,0,0,0,0,0
1673,0,0,1,0,0,0,0,0
1674,0,0,1,0,0,1,0,0
1675,0,0,1,0,0,0,0,0
1676,0,0,0,0,1,0,1,1
1677,0,0,1,0,0,1,0,0
1678,1,0,1,0,0,0,0,0
1679,1,1,0,0,0,0,0,1
1680,1,0,1,0,1,0,1,0
1681,1,1,0,0,0,0,1,0
1682,1,0,0,0,1,0,1,1
1683,1,0,1,0,0,1,1,0
1684,1,0,1,0,1,0,1,0
1685,1,0,0,0,1,0,1,0
1686,1,1,1,0,1,1,1,1
1687,0,0,1,1,1,0,0,0
1688,1,0,0,0,1,1,1,0
1689,0,0,1,0,1,0,0,0
1690,1,0,1,1,1,1,1,1
1691,0,0,1,0,1,0,1,1
1692,1,0,0,0,1,0,1,0
1693,0,0,1,0,1,0,1,1
1694,1,0,1,0,1,0,0,0
1695,0,0,0,0,0,0,1,0
1696,1,1,1,1,1,1,1,1
1697,0,0,1,0,1,0,0,0
1698,0,0,0,0,1,0,1,0
1699,1,0,0,0,1,0,1,0
1700,0,0,1,0,0,0,0,0
1701,0,0,1,0,0,0,0,0
1702,1,0,1,0,1,0,1,0
1703,1,0,1,0,0,0,0,0
1704,0,0,1,0,0,0,0,1
1705,0,0,1,0,0,1,0,1
1706,0,0,1,0,1,1,0,0
1707,1,0,1,0,0,1,0,0
1708,1,0,1,0,0,0,1,0
1709,1,1,0,0,0,0,1,0
1710,1,0,0,0,0,0,1,0
1711,1,1,0,0,0,1,1,0
1712,1,0,1,1,0,1,1,0
1713,1,1,1,0,0,0,1,1
1714,1,0,1,0,0,0,1,0
1715,1,0,1,0,0,0,0,0
1716,1,0,0,0,0,0,0,0
1717,1,0,0,0,1,1,1,0
1718,1,0,1,0,0,0,0,0
1719,0,0,1,0,0,0,0,0
1720,1,0,0,0,1,0,1,0
1721,1,0,1,0,0,1,0,1
1722,1,0,1,0,1,0,0,0
1723,0,0,0,0,1,1,1,0
1724,0,0,1,0,0,1,0,0
1725,1,0,1,0,1,0,0,0
1726,0,0,1,1,0,0,0,0
1727,0,1,1,0,0,0,1,0
1728,1,0,0,0,0,1,1,1
1729,0,0,0,0,0,1,0,0
1730,0,0,0,0,1,0,1,0
1731,1,0,0,0,0,1,0,0
1732,0,0,1,0,1,0,0,0
1733,0,0,1,0,0,0,0,0
1734,0,0,1,0,1,0,1,0
1735,0,0,1,0,1,0,0,0
1736,0,0,1,1,0,0,0,0
1737,1,0,1,0,0,1,0,0
1738,0,0,1,0,0,0,0,0
1739,0,0,0,1,0,0,0,0
1740,0,0,0,0,0,1,0,0
1741,0,0,1,0,0,0,0,0
1742,1,0,1,0,1,0,0,0
1743,0,0,1,0,0,0,0,0
1744,0,0,1,0,0,0,0,0
1745,1,0,0,0,1,1,1,0
1746,0,0,1,0,0,0,0,1
1747,1,0,0,0,0,1,1,0
1748,1,0,1,0,1,0,0,0
1749,1,1,1,1,1,1,1,1
1750,0,0,1,1,1,0,0,0
1751,1,0,1,0,1,0,1,0
1752,1,0,0,0,0,1,0,0
1753,1,1,0,0,1,1,1,0
1754,1,0,0,0,0,1,0,0
1755,0,0,1,0,0,0,0,0
1756,0,0,0,0,1,0,1,0
1757,1,1,1,1,1,1,1,1
1758,1,0,0,0,1,1,1,0
1759,0,0,1,0,0,0,0,0
1760,1,0,0,0,1,0,1,0
1761,0,0,1,0,0,0,0,1
1762,1,0,0,0,0,1,1,0
1763,1,0,1,0,1,0,0,0
1764,1,0,1,0,0,1,0,1
1765,1,0,0,0,1,1,1,0
1766,0,0,1,0,0,0,0,0
1767,1,0,1,0,0,0,1,0
1768,1,0,0,0,1,1,1,0
1769,0,0,0,0,0,0,1,0
1770,1,1,1,0,1,0,1,0
1771,0,0,0,0,0,1,0,0
1772,0,0,1,0,0,0,0,0
1773,0,0,0,0,0,1,0,0
1774,1,0,1,0,0,0,0,0
1775,1,0,1,0,0,0,1,0
1776,1,0,0,0,0,0,0,0
1777,0,0,0,0,1,1,1,0
1778,0,0,1,0,0,0,1,1
1779,0,0,1,0,0,0,0,0
1780,0,0,0,0,0,0,1,0
1781,0,0,0,0,1,1,1,1
1782,1,0,0,0,1,0,1,0
1783,0,0,1,0,0,0,0,0
1784,0,0,1,0,1,0,1,0
1785,1,1,0,1,1,0,0,1
1786,1,0,1,0,0,1,0,0
1787,0,0,1,0,0,0,0,0
1788,1,0,0,0,1,0,0,0
1789,1,0,1,0,1,0,0,0
1790,0,0,1,0,1,1,1,0
1791,1,1,0,0,1,1,1,0
1792,1,0,1,0,0,0,0,0
1793,1,0,1,0,1,0,0,1
1794,0,0,1,0,0,0,0,0
1795,1,0,0,0,1,0,0,0
1796,1,0,0,0,1,1,1,0
1797,0,0,1,0,0,0,0,0
1798,0,0,1,0,0,1,0,0
1799,0,0,1,1,0,0,0,0
1800,0,0,1,0,0,0,0,0
1801,0,0,1,0,0,0,0,1
1802,1,1,1,0,1,0,1,1
1803,0,0,1,0,0,0,0,0
1804,1,0,0,0,0,0,0,0
1805,0,0,1,0,0,1,0,1
1806,0,0,0,0,1,0,0,0
1807,1,0,0,0,1,0,1,0
1808,0,0,0,0,0,0,1,1
1809,1,1,0,0,1,0,1,0
1810,1,0,1,0,0,1,0,0
1811,1,1,1,0,0,1,0,1
1812,0,0,1,0,1,0,1,0
1813,1,0,0,0,1,0,1,0
1814,0,0,1,0,1,0,0,1
1815,1,1,1,1,1,1,1,1
1816,0,0,1,0,0,0,0,1
1817,1,0,1,0,1,0,1,0
1818,0,0,1,0,0,0,0,1
1819,1,0,1,0,1,0,0,0
1820,0,0,1,0,0,0,0,1
1821,0,1,1,1,0,0,0,0
1822,1,1,1,0,1,1,1,1
1823,0,0,1,0,0,0,0,0
1824,0,0,1,0,0,0,0,0
1825,1,1,1,0,1,1,1,0
1826,1,0,0,0,1,0,1,0
1827,0,0,1,0,1,0,0,0
1828,1,1,1,0,0,0,0,0
1829,0,0,1,0,1,1,0,0
1830,0,0,0,0,1,0,1,0
1831,0,0,0,0,1,0,1,0
1832,1,0,1,0,1,0,0,0
1833,1,1,1,1,1,1,1,1
1834,0,0,1,0,0,0,0,1
1835,0,0,1,0,0,0,0,1
1836,0,0,0,1,1,0,1,0
1837,0,1,0,0,0,0,0,0
1838,1,0,1,0,0,0,1,0
1839,0,0,1,0,0,0,0,0
1840,0,0,0,0,0,1,0,1
1841,1,0,0,0,1,0,1,0
1842,1,0,0,0,1,0,1,0
1843,0,0,1,0,0,0,0,1
1844,0,0,1,0,0,0,0,0
1845,1,0,1,0,0,0,0,0
1846,0,0,1,0,0,0,0,0
1847,1,0,1,0,1,1,1,1
1848,0,0,0,0,0,1,0,0
1849,0,0,0,0,1,1,1,0
1850,1,0,0,0,1,0,1,0
1851,1,1,1,1,0,1,1,1
1852,0,0,1,0,0,1,1,0
1853,0,0,1,0,0,0,0,1
1854,1,1,0,0,1,0,1,0
1855,1,0,0,0,1,0,1,0
1856,1,0,1,0,0,0,1,0
1857,1,0,0,0,1,0,1,0
1858,1,0,0,0,0,1,0,0
1859,0,0,1,0,0,0,0,0
1860,0,0,0,0,1,1,0,0
1861,1,0,1,0,0,1,0,0
1862,0,0,1,0,0,0,0,1
1863,0,0,1,0,0,0,0,0
1864,0,0,1,0,0,0,0,0
1865,1,0,0,0,0,0,0,0
1866,1,0,0,0,1,0,1,0
1867,0,0,0,0,1,1,1,0
1868,0,0,1,0,0,0,0,0
1869,1,0,0,0,0,0,0,0
1870,0,0,1,0,0,1,0,0
1871,0,0,1,0,0,0,0,1
1872,0,0,0,0,0,1,0,0
1873,0,0,1,0,1,0,0,1
1874,1,1,0,0,1,0,1,0
1875,1,1,1,1,1,1,1,1
1876,0,0,1,0,0,0,0,0
1877,0,0,0,0,0,1,1,1
1878,0,0,1,0,0,0,0,1
1879,0,0,1,0,0,0,1,1
1880,0,0,1,0,0,0,0,0
1881,1,1,1,0,1,1,0,1
1882,1,0,0,0,0,0,1,0
1883,1,0,1,0,1,0,0,0
1884,1,1,0,0,1,0,1,0
1885,0,0,1,0,1,0,1,0
1886,0,0,1,0,0,0,0,0
1887,0,0,1,0,0,0,0,0
1888,0,0,1,0,0,1,0,1
1889,0,0,1,0,0,0,0,0
1890,1,1,0,0,1,0,1,0
1891,0,0,0,0,0,1,0,1
1892,0,0,1,0,0,0,0,1
1893,0,0,1,0,0,0,0,1
1894,0,0,0,0,0,1,0,0
1895,1,0,1,0,0,0,0,0
1896,1,0,0,1,1,0,1,0
1897,0,0,1,0,0,0,0,0
1898,1,0,1,0,1,1,0,0
1899,0,0,1,0,0,0,0,0
1900,1,0,1,0,1,1,1,0
1901,0,0,1,0,0,1,0,1
1902,0,0,0,0,0,0,1,1
1903,0,0,1,0,0,0,0,0
1904,1,0,1,0,0,1,0,1
1905,0,0,1,0,0,0,0,0
1906,0,0,0,0,1,0,1,0
1907,0,0,1,0,0,0,0,0
1908,1,0,0,0,0,0,0,0
1909,1,0,1,0,1,1,0,0
1910,1,0,0,0,1,1,0,0
1911,1,0,1,0,1,0,0,0
1912,0,0,1,0,0,0,0,1
1913,0,0,0,0,1,0,1,0
1914,0,0,1,0,0,1,0,0
1915,1,1,1,0,1,0,0,0
1916,0,0,0,0,1,0,1,0
1917,0,0,1,0,0,0,0,0
1918,0,1,0,0,0,0,0,0
1919,0,1,0,0,0,1,0,0
1920,1,0,0,0,1,0,1,0
1921,0,0,1,0,0,0,0,0
1922,0,0,1,0,1,0,1,1
1923,1,1,0,0,1,0,1,0
1924,1,0,1,0,0,1,0,0
1925,0,0,1,0,0,1,0,0
1926,1,1,1,1,1,1,1,1
1927,0,0,1,0,1,0,0,0
1928,1,0,0,0,0,0,1,0
1929,1,0,1,0,1,0,1,0
1930,0,0,1,0,0,0,0,0
1931,0,0,1,0,0,0,0,0
1932,0,0,1,0,0,0,0,0
1933,0,0,1,0,0,0,0,0
1934,1,0,0,0,1,1,0,0
1935,1,0,1,0,1,0,0,0
1936,1,1,1,1,1,1,1,1
1937,0,0,1,0,1,1,0,0
1938,0,0,1,0,0,0,0,0
1939,1,1,1,0,0,1,0,1
1940,0,0,0,0,1,0,1,1
1941,1,0,1,0,1,0,0,0
1942,0,0,0,0,1,0,1,0
1943,0,0,1,0,0,0,0,0
1944,1,0,0,0,1,1,1,0
1945,0,0,1,0,0,0,0,1
1946,0,0,0,0,1,0,1,0
1947,0,0,1,0,0,1,0,0
1948,0,0,0,0,1,0,1,0
1949,0,0,1,0,0,0,0,0
1950,0,0,0,0,1,0,0,0
1951,1,1,0,0,0,0,0,0
1952,0,0,1,0,0,0,0,0
1953,1,0,1,0,0,0,0,0
1954,0,0,1,0,0,0,0,0
1955,0,0,0,0,1,0,1,0
1956,1,0,1,0,1,1,1,0
1957,0,0,0,0,0,1,0,0
1958,1,0,1,0,0,0,0,0
1959,1,0,1,0,0,1,0,1
1960,0,0,1,0,0,0,0,1
1961,1,0,1,1,1,0,1,0
1962,0,0,1,0,0,0,0,0
1963,1,1,1,1,1,1,1,0
1964,1,0,1,0,1,1,1,1
1965,0,0,1,0,0,0,0,0
1966,0,0,1,0,0,0,0,0
1967,1,0,1,0,0,1,0,1
1968,1,0,1,0,1,1,1,1
1969,0,1,1,0,0,0,0,1
1970,0,0,1,0,0,0,0,1
1971,1,0,0,0,1,1,1,0
1972,0,0,1,0,0,0,0,0
1973,0,0,1,0,1,1,1,0
1974,0,0,1,0,0,0,0,0
1975,1,0,0,0,1,0,1,0
1976,0,0,1,0,0,0,0,1
1977,1,0,1,0,0,0,0,1
1978,0,0,1,1,1,0,0,0
1979,1,0,0,0,1,0,0,0
1980,1,0,1,0,0,0,1,0
1981,0,0,1,0,0,0,0,0
1982,1,0,1,0,1,0,0,0
1983,0,0,1,0,1,1,0,0
1984,1,0,1,0,1,1,1,0
1985,1,0,1,0,0,0,0,1
1986,0,0,1,0,0,0,0,1
1987,0,0,1,0,0,1,0,1
1988,0,0,1,0,0,0,0,0
1989,1,0,1,0,0,1,0,1
1990,1,0,0,0,1,0,1,0
1991,1,0,0,0,1,1,1,0
1992,0,0,0,0,1,0,0,0
1993,1,0,1,0,0,1,1,0
1994,1,0,1,0,0,0,0,1
1995,1,0,0,0,1,0,0,0
1996,1,0,0,1,1,0,0,0
1997,1,0,1,0,1,1,0,0
1998,0,0,1,0,1,0,1,0
1999,1,0,1,0,1,1,0,1
2000,0,0,1,0,1,0,1,0
2001,0,0,0,0,0,0,1,0
2002,0,0,1,0,0,0,0,0
2003,0,0,1,0,1,1,0,0
2004,0,0,1,1,1,0,0,0
2005,0,0,1,0,0,0,0,1
2006,1,1,1,1,1,1,1,1
2007,0,0,1,0,0,0,0,0
2008,0,0,1,0,0,0,0,1
2009,1,0,1,0,0,0,0,0
2010,0,0,0,0,1,1,1,0
2011,1,0,1,0,0,1,0,0
2012,0,0,1,0,0,0,0,0
2013,0,0,1,0,0,0,0,1
2014,1,0,1,0,0,1,0,1
2015,0,0,0,0,1,0,0,0
2016,1,0,1,0,1,1,0,0
2017,1,0,1,0,0,0,0,0
2018,0,0,1,0,0,0,0,1
2019,0,1,0,0,1,1,0,1
2020,1,0,1,0,0,1,0,0
2021,0,1,0,0,1,0,1,0
2022,0,0,1,0,0,1,0,0
2023,1,0,1,0,0,0,1,1
2024,0,0,1,0,0,1,0,0
2025,1,0,0,0,0,1,1,0
2026,0,1,0,0,1,1,1,1
2027,1,0,1,0,1,0,0,0
2028,1,0,0,0,0,0,1,0
2029,1,0,0,0,0,1,0,0
2030,1,0,1,0,1,1,1,1
2031,0,0,0,0,0,1,0,0
2032,0,0,1,0,0,0,0,0
2033,0,0,1,0,0,0,0,0
2034,0,0,0,1,0,0,0,1
2035,1,0,0,0,0,1,0,1
2036,1,0,0,0,1,0,1,0
2037,0,0,1,0,0,0,0,0
2038,0,0,1,0,0,0,0,0
2039,0,0,0,0,0,1,0,0
2040,0,0,1,0,0,0,0,1
2041,0,0,1,0,0,1,0,0
2042,0,0,1,0,0,0,0,0
2043,1,0,0,0,1,0,1,0
2044,1,1,0,0,1,1,1,0
2045,0,0,0,0,0,0,0,0
2046,1,0,1,0,1,0,0,0
2047,1,0,1,0,0,1,0,1
2048,0,0,1,0,0,0,0,0
2049,1,0,1,1,0,0,1,0
2050,0,0,1,0,0,1,0,0
2051,0,0,0,0,0,0,0,1
2052,1,0,0,0,1,0,1,0
2053,1,0,0,0,1,0,0,0
2054,0,0,1,0,0,0,0,1
2055,0,0,1,0,0,0,0,0
2056,0,0,1,0,0,1,0,0
2057,1,1,1,0,0,0,0,0
2058,1,0,1,0,0,1,0,0
2059,0,0,0,0,0,1,0,1
2060,0,0,1,0,0,0,0,0
2061,1,0,1,0,0,0,0,0
2062,0,0,1,0,0,0,0,1
2063,1,0,0,1,0,0,1,0
2064,1,0,0,0,1,0,1,0
2065,1,0,1,0,1,0,0,0
2066,1,0,1,0,0,0,0,1
2067,0,0,1,0,0,1,0,0
2068,1,1,1,1,1,1,1,1
2069,0,1,1,0,0,1,0,1
2070,0,0,1,0,0,0,0,1
2071,1,0,0,0,0,1,0,1
2072,0,0,1,0,0,0,0,0
2073,0,0,1,0,0,0,0,0
2074,0,0,1,0,1,1,1,1
2075,1,0,1,0,0,1,0,0
2076,0,0,1,0,0,0,0,0
2077,1,0,1,1,0,1,0,0
2078,0,0,1,0,0,0,0,1
2079,1,1,1,0,1,1,1,0
2080,0,0,1,0,1,0,0,0
2081,1,1,1,1,1,1,1,1
2082,0,0,1,0,0,0,0,1
2083,1,1,1,1,1,0,1,1
2084,0,0,1,0,0,0,0,0
2085,0,0,1,0,0,0,0,0
2086,0,1,0,0,1,0,1,1
2087,0,0,1,0,0,0,0,0
2088,0,0,1,0,0,0,0,0
2089,0,0,0,0,1,0,1,0
2090,1,1,0,0,0,0,1,0
2091,0,0,1,0,0,0,0,0
2092,0,1,1,0,1,1,1,0
2093,0,0,1,0,1,1,0,1
2094,0,0,1,0,0,0,0,1
2095,0,1,1,0,0,0,0,1
2096,0,0,0,0,0,1,0,0
2097,1,0,0,0,0,1,0,0
2098,1,0,1,0,0,1,0,1
2099,0,0,1,0,1,0,0,0
2100,0,0,0,0,1,1,0,0
2101,0,0,1,0,0,0,0,0
2102,0,0,1,0,0,1,0,1
2103,1,1,1,1,1,1,1,1
2104,1,0,0,0,1,0,1,0
2105,1,1,1,1,1,1,1,1
2106,1,0,1,0,1,0,0,0
2107,1,0,0,0,0,1,1,0
2108,1,0,1,0,0,1,0,0
2109,0,0,1,0,0,0,0,0
2110,0,0,0,0,1,0,1,0
2111,0,0,1,0,0,0,0,0
2112,0,0,0,0,0,1,0,0
2113,1,0,0,0,0,0,0,0
2114,0,0,1,0,0,0,0,0
2115,0,0,0,0,1,0,1,0
2116,0,0,0,0,1,0,1,0
2117,0,0,1,0,0,0,0,0
2118,1,0,0,0,1,1,1,1
2119,1,0,1,0,1,0,0,0
2120,0,0,1,0,0,0,0,1
2121,0,0,1,0,0,0,1,0
2122,0,0,0,0,0,0,0,0
2123,1,0,1,0,0,0,0,0
2124,0,0,1,0,0,0,0,0
2125,0,0,1,0,0,0,0,0
2126,0,0,1,0,0,0,0,0
2127,0,0,0,0,1,0,1,0
2128,1,0,0,0,1,0,1,0
2129,1,0,1,0,0,0,0,1
2130,1,0,1,0,0,1,0,0
2131,1,0,0,0,1,1,1,0
2132,0,0,1,0,1,0,0,0
2133,1,0,0,0,1,1,1,1
2134,1,0,1,0,0,0,0,0
2135,1,0,1,0,1,0,0,0
2136,0,0,0,0,1,0,1,0
2137,0,0,1,0,0,0,1,1
2138,1,0,1,0,0,1,0,1
2139,0,0,1,0,1,0,0,0
2140,0,0,1,0,0,0,0,0
2141,0,0,0,0,1,1,0,0
2142,0,0,1,1,0,0,0,0
2143,1,0,1,0,1,0,1,1
2144,1,0,0,0,1,0,1,0
2145,1,1,1,0,1,0,0,0
2146,1,0,1,0,0,1,0,1
2147,1,0,1,0,0,0,1,1
2148,1,0,1,0,0,0,0,1
2149,1,0,0,0,0,1,0,0
2150,1,0,1,0,1,0,1,0
2151,1,0,1,0,0,0,0,0
2152,0,0,1,0,1,1,0,0
2153,0,0,1,0,0,0,0,0
2154,0,0,1,0,0,0,0,1
2155,0,0,1,0,1,0,0,0
2156,0,0,1,0,0,0,0,0
2157,0,0,0,0,1,0,0,0
2158,0,0,1,0,0,0,0,0
2159,0,0,1,0,1,1,0,1
2160,0,0,0,0,1,0,1,0
2161,0,0,1,0,1,1,0,1
2162,0,0,1,0,0,0,0,0
2163,1,0,0,0,0,0,0,0
2164,1,0,1,0,0,1,0,0
2165,0,0,1,0,1,0,0,1
2166,0,0,0,0,0,1,0,0
2167,0,0,0,0,0,1,0,0
2168,0,0,1,0,0,0,0,0
2169,1,0,1,1,0,1,0,0
2170,0,0,1,0,0,1,0,0
2171,0,0,1,0,0,0,0,1
2172,0,0,1,0,0,0,0,1
2173,0,0,0,0,0,1,0,0
2174,1,0,1,0,0,1,0,1
2175,1,0,1,0,0,1,0,1
2176,1,0,1,0,0,0,1,1
2177,1,1,1,1,1,1,1,1
2178,0,0,1,0,0,0,0,0
2179,1,0,1,0,0,0,0,1
2180,1,0,0,0,1,0,1,1
2181,0,0,0,0,1,0,1,0
2182,1,1,1,0,1,1,1,1
2183,1,0,0,0,1,0,1,1
2184,1,0,0,0,1,1,1,0
2185,0,0,1,1,0,1,0,1
2186,1,0,1,0,0,0,0,0
2187,0,0,1,0,0,0,0,1
2188,0,0,1,0,0,0,1,0
2189,0,0,1,0,0,0,0,0
2190,0,0,1,0,0,1,0,0
2191,0,0,0,0,0,1,0,0
2192,1,0,0,0,1,1,1,1
2193,1,1,1,1,1,1,1,1
2194,0,0,1,1,1,0,0,0
2195,1,0,1,0,1,1,0,0
2196,1,0,1,0,1,1,0,1
2197,0,0,1,0,0,0,1,0
2198,1,1,1,0,0,1,1,1
2199,0,0,1,0,0,0,0,0
2200,1,0,0,0,1,1,1,1
2201,1,1,0,0,1,0,1,0
2202,0,0,1,0,0,0,0,0
2203,0,0,1,0,0,0,0,0
2204,1,0,1,0,1,0,1,1
2205,1,0,1,0,0,1,0,0
2206,0,0,1,0,0,0,0,0
2207,0,0,1,0,0,0,0,0
2208,0,0,0,0,0,1,0,0
2209,0,0,1,1,0,0,0,0
2210,0,0,1,0,0,0,0,1
2211,1,0,0,0,1,0,0,0
2212,0,0,1,0,0,0,0,0
2213,1,0,0,0,0,0,1,0
2214,0,1,0,0,1,0,0,0
2215,0,0,1,1,0,0,0,0
2216,0,0,1,0,0,0,0,0
2217,1,0,1,0,1,1,0,1
2218,0,0,0,0,1,0,0,0
2219,1,0,1,0,0,0,1,0
2220,1,0,0,0,1,0,0,0
2221,1,0,1,0,0,1,0,0
2222,0,0,1,0,0,0,0,1
2223,1,0,1,0,1,0,1,1
2224,0,0,1,0,0,0,0,0
2225,1,0,1,0,0,1,0,0
2226,1,0,1,0,0,0,0,1
2227,0,0,0,0,0,1,0,0
2228,0,0,1,0,1,0,0,0
2229,0,0,1,0,0,0,0,0
2230,1,0,1,0,0,1,0,0
2231,1,0,1,0,0,1,0,0
2232,0,0,0,0,0,0,0,1
2233,0,0,1,0,0,0,0,0
2234,1,1,1,0,1,1,1,1
2235,0,0,1,0,0,1,0,0
2236,1,0,1,0,1,1,0,0
2237,1,0,1,1,1,1,1,1
2238,0,0,1,0,0,0,0,0
2239,0,0,1,0,0,0,0,1
2240,1,0,0,0,1,0,1,0
2241,0,0,1,0,0,0,0,0
2242,0,0,1,0,1,1,0,0
2243,0,1,1,0,1,0,0,0
2244,1,0,1,0,1,0,1,0
2245,0,0,1,0,1,0,0,0
2246,0,0,1,0,0,0,0,0
2247,0,0,1,0,1,1,0,1
2248,0,0,1,1,0,1,0,1
2249,1,0,1,0,1,0,0,1
2250,1,1,0,0,1,0,0,0
2251,1,0,1,0,0,0,0,0
2252,0,0,1,0,0,0,0,0
2253,1,0,1,0,1,1,0,1
2254,1,0,1,1,0,0,0,1
2255,0,0,1,0,0,0,1,0
2256,1,0,0,0,1,1,1,0
2257,0,0,0,0,0,1,0,0
2258,1,0,0,0,1,0,1,0
2259,1,1,0,0,1,0,0,0
2260,0,0,1,0,0,0,0,0
2261,1,0,0,0,1,1,1,0
2262,0,0,1,0,0,0,1,0
2263,1,1,0,0,1,1,1,0
2264,0,0,0,0,1,0,1,1
2265,0,0,0,0,0,1,0,1
2266,0,0,1,0,0,1,0,0
2267,0,0,0,0,1,0,0,0
2268,1,0,0,0,1,1,1,0
2269,0,0,1,0,0,0,0,0
2270,0,0,1,0,0,0,0,0
2271,0,0,0,0,1,0,0,0
2272,1,0,1,0,0,0,0,0
2273,1,0,0,0,0,1,0,0
2274,1,1,1,0,1,1,0,0
2275,0,0,0,0,1,0,0,0
2276,1,0,0,0,0,1,0,0
2277,1,0,0,0,1,0,1,0
2278,0,0,0,0,1,1,1,0
2279,1,1,1,1,1,1,1,1
2280,1,0,0,0,1,0,1,0
2281,0,0,0,0,0,1,1,0
2282,0,0,1,0,0,0,0,0
2283,1,0,1,0,0,1,0,0
2284,1,0,1,0,1,0,0,0
2285,0,0,1,0,0,0,0,0
2286,1,0,0,0,1,0,1,0
2287,1,0,1,1,0,1,1,1
2288,1,0,1,0,0,1,0,0
2289,1,1,1,0,1,0,1,0
2290,0,0,1,0,0,0,0,0
2291,0,0,1,0,0,0,0,0
2292,0,0,1,0,0,0,0,0
2293,1,0,1,0,0,1,0,0
2294,1,0,1,0,0,1,0,1
2295,1,1,1,0,1,1,0,0
2296,0,0,0,1,1,0,1,0
2297,0,0,0,0,1,0,1,0
2298,0,0,1,0,0,0,0,0
2299,0,0,0,0,0,0,1,1
2300,0,0,1,0,0,0,0,0
2301,1,0,1,0,0,1,0,0
2302,1,0,0,0,0,1,0,0
2303,1,1,1,0,0,0,1,1
2304,0,0,1,0,1,0,1,0
2305,0,0,0,0,0,1,0,0
2306,1,0,1,0,0,1,0,0
2307,0,0,1,0,0,0,0,0
2308,0,0,1,0,1,0,1,1
2309,0,0,0,0,1,1,1,1
2310,0,0,1,0,0,0,0,0
2311,1,1,0,0,0,1,0,0
2312,0,1,0,1,1,1,0,1
2313,0,0,1,0,1,1,0,0
2314,1,0,1,0,1,1,1,0
2315,0,0,1,0,0,0,0,0
2316,0,0,1,0,0,0,0,0
2317,0,0,1,0,0,0,0,0
2318,1,0,1,0,1,0,0,0
2319,1,0,0,0,1,0,1,0
2320,0,0,0,0,0,0,1,0
2321,1,0,0,0,0,1,0,0
2322,1,0,1,0,0,1,0,0
2323,1,0,0,0,0,1,0,0
2324,0,0,1,0,0,0,0,0
2325,1,0,0,0,1,0,0,0
2326,0,0,1,0,0,0,0,0
2327,0,0,1,0,0,0,0,0
2328,0,0,0,0,0,0,1,0
2329,1,0,1,0,1,0,1,0
2330,1,0,1,0,0,0,0,0
2331,0,0,1,0,1,0,0,0
2332,0,0,1,0,1,0,1,0
2333,1,0,0,0,1,0,1,0
2334,0,0,0,0,0,1,1,0
2335,1,0,1,0,0,0,0,1
2336,1,1,1,1,1,1,1,1
2337,1,0,1,0,0,0,0,0
2338,1,1,1,0,1,0,0,0
2339,1,0,0,0,1,1,0,0
2340,0,0,1,0,1,0,0,0
2341,1,0,1,0,1,0,0,0
2342,1,0,0,0,1,0,1,0
2343,0,0,0,0,1,0,1,0
2344,1,0,1,1,1,1,1,1
2345,0,0,0,0,1,1,1,0
2346,1,0,0,0,1,1,1,0
2347,0,0,1,0,1,1,0,0
2348,1,0,0,0,1,0,0,0
2349,1,0,0,0,1,0,1,0
2350,0,0,1,0,0,0,0,0
2351,1,0,1,0,1,0,1,0
2352,1,0,0,0,1,0,0,0
2353,0,0,0,0,1,0,0,0
2354,0,0,0,0,0,1,1,0
2355,1,0,0,0,0,1,1,0
2356,0,0,1,0,0,0,0,0
2357,0,0,1,0,0,0,0,0
2358,0,0,1,0,0,0,0,1
2359,0,0,1,0,0,0,0,0
2360,1,0,1,0,0,0,0,0
2361,1,0,1,0,1,0,1,1
2362,1,0,1,0,0,1,1,0
2363,1,0,1,1,1,0,1,1
2364,1,0,1,0,1,0,0,0
2365,0,0,1,0,0,0,0,0
2366,1,0,1,0,1,0,1,1
2367,0,0,1,0,0,0,0,1
2368,0,1,0,0,1,1,0,1
2369,1,0,1,0,1,0,1,1
2370,0,0,1,0,0,0,1,0
2371,0,0,0,0,1,1,1,0
2372,1,0,1,0,0,0,0,0
2373,0,0,1,0,1,0,0,0
2374,0,0,1,0,0,0,0,0
2375,0,0,1,0,0,0,0,0
2376,1,1,0,0,1,1,1,1
2377,1,0,1,0,1,0,1,0
2378,1,0,0,0,1,1,1,0
2379,0,0,0,0,1,0,1,0
2380,0,0,1,0,0,0,0,0
2381,0,0,1,0,0,0,0,0
2382,0,0,1,0,1,0,0,0
2383,0,0,0,0,1,0,1,0
2384,1,1,0,0,1,0,1,0
2385,1,1,0,0,1,0,1,0
2386,1,0,1,0,1,0,0,0
2387,0,0,1,1,1,0,0,0
2388,0,0,1,0,0,0,0,0
2389,1,0,0,0,1,0,1,0
2390,0,1,0,0,0,0,0,0
2391,0,0,1,0,0,0,0,0
2392,1,0,1,0,1,0,1,1
2393,0,0,1,1,0,0,0,0
2394,0,0,1,0,0,0,0,0
2395,0,0,1,0,0,0,0,0
2396,0,0,1,0,0,0,0,0
2397,0,0,0,0,1,0,0,0
2398,1,0,1,1,1,0,0,0
2399,0,1,0,0,1,0,1,0
2400,1,0,1,0,0,0,0,0
2401,1,0,1,0,1,1,1,1
2402,1,0,0,1,1,0,1,0
2403,0,0,1,0,0,0,0,0
2404,1,0,1,0,0,0,1,1
2405,0,0,1,0,0,0,0,1
2406,1,0,0,0,0,0,0,0
2407,1,0,0,0,1,0,1,0
2408,1,0,0,0,1,0,0,0
2409,0,0,1,0,0,0,0,0
2410,0,0,1,0,1,0,0,0
2411,0,0,1,0,0,0,0,1
2412,0,0,1,0,0,0,0,0
2413,0,0,0,0,1,0,1,0
2414,1,0,1,0,1,0,1,0
2415,1,0,0,0,0,1,0,0
2416,0,0,0,0,0,1,0,0
2417,0,0,1,0,0,0,0,0
2418,1,0,0,0,0,0,0,0
2419,0,0,0,1,1,1,1,0
2420,0,0,1,0,0,0,0,0
2421,1,0,0,0,1,0,1,0
2422,0,0,1,1,0,1,1,1
2423,0,0,1,0,1,0,0,0
2424,1,0,0,0,1,0,1,0
2425,0,0,1,0,0,0,0,0
2426,0,0,1,0,1,0,0,1
2427,0,0,0,0,0,1,0,0
2428,1,0,1,0,1,0,0,0
2429,1,0,1,0,1,0,0,0
2430,1,1,0,0,0,0,0,0
2431,0,0,1,0,0,0,0,0
2432,0,0,1,0,0,1,1,0
2433,0,0,1,0,0,0,0,0
2434,0,0,1,0,0,0,0,0
2435,0,0,1,0,1,0,0,1
2436,1,0,1,0,0,0,0,0
2437,0,0,1,0,0,0,0,1
2438,0,0,1,0,0,0,0,1
2439,0,0,1,0,0,0,0,0
2440,0,0,0,1,1,1,1,0
2441,1,0,1,0,0,1,0,0
2442,0,0,0,1,1,0,1,0
2443,0,0,0,0,0,0,1,0
2444,1,0,1,0,1,0,1,0
2445,1,0,1,1,0,0,0,0
2446,0,0,1,0,0,0,0,0
2447,0,0,1,0,0,0,0,0
2448,1,1,0,0,1,1,1,0
2449,1,0,1,0,1,0,0,0
2450,1,0,0,0,1,0,1,0
2451,0,0,1,0,0,0,0,0
2452,0,0,1,0,0,0,0,0
2453,1,1,1,0,0,1,0,0
2454,0,0,0,0,0,0,1,1
2455,0,0,1,0,0,0,0,0
2456,0,0,1,0,0,0,0,0
2457,0,0,1,1,0,0,0,1
2458,1,0,0,0,1,1,0,0
2459,1,0,1,0,1,0,0,0
2460,0,0,1,0,0,0,0,1
2461,1,0,1,0,1,0,0,0
2462,0,1,0,0,0,0,1,1
2463,0,0,1,0,0,0,0,0
2464,0,0,1,0,0,1,0,1
2465,0,1,1,1,0,0,1,0
2466,0,0,1,0,0,0,0,0
2467,1,0,1,0,0,0,0,0
2468,1,0,0,0,0,1,0,0
2469,0,1,1,0,1,1,0,0
2470,1,0,1,0,0,1,0,0
2471,1,0,1,0,0,1,0,1
2472,0,0,1,0,0,0,1,1
2473,0,0,0,0,0,1,0,0
2474,0,0,0,0,1,0,1,0
2475,0,0,1,0,0,0,0,0
2476,0,0,1,0,0,0,0,0
2477,1,0,1,0,1,0,1,1
2478,1,0,0,0,0,0,1,0
2479,1,0,1,0,1,0,0,0
2480,1,0,1,0,1,1,1,1
2481,0,0,1,0,1,0,0,1
2482,0,1,1,0,1,1,0,1
2483,0,0,1,0,0,0,0,0
2484,0,0,1,0,0,0,0,0
2485,0,0,1,0,0,0,0,0
2486,0,0,1,0,0,0,0,0
2487,0,0,0,0,1,1,1,0
2488,1,0,1,0,0,0,0,1
2489,0,0,1,0,0,1,0,0
2490,0,0,1,0,0,0,0,0
2491,1,0,1,0,0,0,0,0
2492,1,0,1,0,1,1,0,0
2493,0,0,1,0,0,0,0,0
2494,1,0,0,0,1,0,1,0
2495,0,0,1,0,0,0,0,0
2496,1,0,1,0,1,0,1,0
2497,1,0,0,0,1,0,1,0
2498,1,0,0,0,1,0,1,0
2499,1,0,1,0,0,1,1,0
2500,0,0,1,0,0,1,0,1
2501,1,0,1,0,1,0,1,0
2502,1,0,1,0,1,0,0,0
2503,1,0,0,0,1,0,1,0
2504,0,0,0,0,1,0,0,0
2505,0,0,1,0,1,0,0,0
2506,0,0,0,0,0,1,0,0
2507,0,0,1,0,0,0,0,0
2508,1,0,1,1,1,0,0,0
2509,1,0,0,0,0,0,1,0
2510,1,1,0,0,1,0,0,0
2511,1,0,1,0,1,0,0,0
2512,0,0,1,0,0,0,0,1
2513,1,0,0,0,1,0,1,0
2514,1,0,0,0,1,0,1,1
2515,1,0,1,0,0,0,0,0
2516,0,0,1,0,0,0,0,0
2517,1,0,0,0,1,0,1,0
2518,1,0,1,0,0,0,0,0
2519,1,0,1,0,0,1,1,1
2520,0,1,0,0,1,0,1,1
2521,0,0,1,0,0,0,0,0
2522,1,0,1,0,0,0,0,0
2523,1,0,0,0,1,1,1,0
2524,1,0,0,0,1,0,1,0
2525,0,0,1,1,0,0,1,1
2526,1,0,1,0,1,0,0,0
2527,0,0,1,0,0,0,0,1
2528,0,0,1,0,0,0,0,0
2529,1,0,1,0,1,0,1,1
2530,0,0,1,0,0,0,0,0
2531,1,0,0,0,0,0,0,0
2532,0,0,1,0,1,1,1,1
2533,1,0,1,0,0,0,0,1
2534,0,0,0,1,0,1,1,0
2535,0,0,1,0,1,1,1,1
2536,0,1,1,1,0,0,0,0
2537,1,0,0,0,1,0,0,1
2538,1,0,1,0,0,0,0,0
2539,0,0,0,0,1,0,1,0
2540,0,0,1,0,0,1,0,1
2541,0,0,0,0,0,0,1,0
2542,0,0,0,0,0,1,1,1
2543,1,1,1,0,0,0,0,0
2544,0,0,1,0,0,0,0,0
2545,0,0,1,0,1,1,0,1
2546,0,0,0,0,0,1,0,0
2547,1,0,1,0,1,0,0,1
2548,0,0,1,0,0,0,0,0
2549,1,0,1,0,0,0,0,1
2550,0,0,1,0,0,0,0,0
2551,0,0,1,0,1,0,1,0
2552,0,0,1,0,0,1,0,1
2553,1,1,0,0,1,1,1,0
2554,0,0,1,0,1,1,1,1
2555,1,0,0,0,1,0,1,0
2556,0,0,1,0,0,0,0,1
2557,0,0,1,0,0,0,0,1
2558,0,0,0,0,0,1,0,1
2559,1,1,0,0,1,0,1,0
2560,1,0,1,1,0,0,0,1
2561,1,0,0,0,1,1,1,0
2562,0,0,1,0,1,0,1,0
2563,1,0,0,0,0,0,1,0
2564,1,1,1,0,0,1,0,1
2565,0,0,1,0,0,0,0,0
2566,1,0,0,0,0,1,0,0
2567,1,1,1,0,0,0,0,0
2568,1,0,1,0,1,0,0,1
2569,0,0,0,1,0,0,1,1
2570,0,0,1,0,1,0,1,0
2571,1,0,1,0,1,0,0,0
2572,0,0,1,0,0,0,0,1
2573,0,0,1,0,0,0,0,0
2574,0,0,1,0,1,0,1,0
2575,0,0,0,0,0,0,0,0
2576,1,0,0,0,1,0,1,0
2577,1,0,0,0,0,1,0,0
2578,1,0,1,0,0,0,1,0
2579,1,1,0,1,0,0,0,0
2580,1,0,1,0,0,0,0,0
2581,0,0,0,0,1,1,0,0
2582,0,0,1,0,0,1,0,0
2583,0,0,1,0,0,0,0,1
2584,0,0,1,0,0,0,0,0
2585,1,0,1,0,1,0,1,1
2586,0,0,1,0,0,0,0,0
2587,1,0,0,0,1,1,0,1
2588,0,0,0,0,1,0,1,0
2589,0,0,1,0,0,0,0,0
2590,0,0,1,0,0,0,0,0
2591,1,0,0,0,1,0,1,0
2592,1,0,1,0,0,0,0,0
2593,1,0,0,0,0,0,0,0
2594,1,0,1,0,1,1,1,0
2595,0,0,1,0,0,0,0,1
2596,1,0,0,0,1,0,1,0
2597,1,0,1,0,1,0,1,1
2598,0,0,0,0,0,1,0,0
2599,0,0,1,0,1,0,0,1
2600,1,0,0,0,1,0,1,0
2601,1,0,0,0,1,0,1,0
2602,1,1,1,0,0,1,0,1
2603,1,1,1,1,1,1,1,1
2604,0,0,1,0,0,0,0,0
2605,0,0,1,0,0,1,0,0
2606,0,0,1,0,0,0,0,0
2607,1,0,0,0,1,0,0,0
2608,0,0,1,0,0,0,0,0
2609,1,0,0,0,1,1,0,0
2610,0,0,1,0,0,1,0,1
2611,0,0,1,0,0,0,0,1
2612,0,0,1,0,0,0,0,0
2613,1,0,0,0,0,1,0,0
2614,0,0,1,0,0,0,0,0
2615,0,0,0,0,0,1,0,0
2616,1,0,0,0,1,1,1,0
2617,1,0,1,0,1,1,0,0
2618,1,1,1,1,1,1,1,1
2619,1,0,1,0,1,0,0,1
2620,1,0,1,1,1,0,0,0
2621,0,0,1,0,0,0,0,0
2622,1,0,0,0,1,0,1,0
2623,0,0,1,0,0,0,0,1
2624,1,1,1,0,0,1,0,0
2625,0,0,1,0,0,0,0,1
2626,1,0,1,0,0,1,0,0
2627,1,0,1,0,1,0,0,0
2628,0,0,1,0,0,0,0,0
2629,0,0,1,0,0,0,0,0
2630,1,0,1,0,1,0,1,0
2631,1,1,1,0,0,0,1,0
2632,0,1,1,0,0,0,0,0
2633,0,0,0,0,0,1,1,0
2634,0,0,1,0,0,0,0,1
2635,0,0,1,0,0,0,0,0
2636,0,0,1,0,0,0,0,0
2637,0,0,1,0,0,0,0,1
2638,0,0,0,0,1,0,0,0
2639,1,0,0,0,1,0,1,0
2640,0,0,1,0,0,0,0,0
2641,0,0,1,0,1,1,0,0
2642,1,0,1,0,0,0,0,0
2643,0,0,1,0,0,0,0,1
2644,0,0,1,0,0,0,0,0
2645,0,0,0,0,0,1,0,0
2646,0,0,1,0,1,0,0,1
2647,1,0,1,0,1,1,1,1
2648,1,0,0,0,1,0,1,0
2649,0,0,1,0,1,0,0,1
2650,0,0,0,0,0,1,0,1
2651,0,0,1,0,0,1,1,0
2652,0,0,0,0,1,1,0,0
2653,0,0,1,0,0,0,0,1
2654,0,0,1,0,0,0,0,0
2655,0,0,1,0,0,0,0,0
2656,0,0,0,0,1,0,0,0
2657,1,0,0,0,0,1,0,0
2658,1,0,0,0,1,0,1,0
2659,0,0,0,0,0,0,0,0
2660,0,0,1,0,0,0,0,1
2661,0,0,0,1,1,1,1,0
2662,1,0,0,0,1,1,0,0
2663,0,0,0,0,1,1,0,0
2664,1,0,1,0,1,1,1,1
2665,0,0,0,0,0,0,1,0
2666,0,0,1,0,0,0,0,1
2667,0,0,0,0,0,0,1,0
2668,1,0,0,1,0,0,1,1
2669,1,0,1,1,0,0,0,0
2670,0,0,1,0,0,0,0,0
2671,1,0,1,0,0,0,0,0
2672,1,0,1,1,0,0,1,1
2673,1,0,0,0,0,1,1,1
2674,1,0,1,0,0,0,0,0
2675,0,0,1,0,1,0,1,0
2676,0,0,1,1,0,0,0,0
2677,0,0,1,0,1,1,0,0
2678,1,0,1,0,1,0,0,0
2679,0,0,1,0,0,0,0,0
2680,1,0,0,0,1,0,1,0
2681,0,0,1,0,1,1,0,1
2682,0,0,0,0,1,0,1,0
2683,0,0,0,0,1,0,1,0
2684,0,0,1,0,0,0,0,0
2685,1,1,0,0,1,1,1,0
2686,1,0,0,0,0,1,0,0
2687,0,0,0,0,0,0,1,0
2688,0,1,0,0,1,0,1,0
2689,1,0,0,0,0,1,0,0
2690,1,0,1,0,1,0,1,0
2691,1,1,0,0,1,0,1,0
2692,1,1,1,0,1,1,1,1
2693,1,0,1,0,0,0,0,1
2694,0,0,0,0,1,1,1,0
2695,0,0,1,0,0,0,0,1
2696,0,0,0,0,0,0,1,0
2697,1,0,0,0,0,0,0,1
2698,1,0,1,1,1,1,0,1
2699,0,0,0,0,0,0,0,1
2700,1,0,0,0,0,1,0,0
2701,0,0,0,0,0,1,0,0
2702,1,0,0,0,1,0,1,0
2703,1,0,1,0,0,0,0,0
2704,0,0,0,1,0,0,0,1
2705,0,0,0,0,1,0,1,0
2706,1,0,0,0,1,0,1,0
2707,0,0,0,0,0,0,1,0
2708,1,0,1,1,1,1,1,0
2709,0,0,0,0,1,0,1,0
2710,0,0,1,0,0,1,0,1
2711,0,0,1,0,0,0,0,0
2712,0,0,1,0,0,0,0,0
2713,1,0,1,0,1,1,0,1
2714,0,0,1,0,0,0,1,1
2715,0,0,1,0,0,0,0,1
2716,1,0,0,0,1,0,1,0
2717,1,0,0,0,1,1,0,0
2718,0,0,1,0,0,0,0,0
2719,0,0,1,0,0,0,0,0
2720,1,1,1,0,1,0,1,0
2721,0,0,1,0,1,0,0,1
2722,0,1,1,0,1,0,1,1
2723,0,0,1,0,0,0,0,0
2724,0,0,1,0,1,1,0,1
2725,1,0,1,0,0,1,1,0
2726,0,0,1,0,0,1,1,0
2727,0,0,0,0,1,0,1,0
2728,1,0,0,0,1,1,1,0
2729,1,0,0,0,1,0,1,0
2730,1,0,0,0,1,0,1,0
2731,1,1,1,0,1,1,0,1
2732,0,0,1,1,1,0,0,0
2733,1,0,0,0,1,1,1,0
2734,1,1,0,0,1,0,1,0
2735,1,0,1,0,0,1,1,0
2736,1,1,1,0,1,1,1,0
2737,1,1,1,1,1,1,1,1
2738,0,0,1,0,0,0,0,0
2739,1,1,0,0,0,1,1,1
2740,0,0,1,0,0,0,1,0
2741,0,0,1,0,0,0,0,0
2742,0,0,1,0,0,0,0,0
2743,1,1,1,1,1,0,0,1
2744,1,0,0,0,1,1,1,0
2745,1,0,0,0,1,1,0,0
2746,1,1,0,1,0,0,1,0
2747,1,0,1,0,1,1,1,0
2748,0,0,1,0,0,0,0,0
2749,0,0,1,0,0,0,0,1
2750,0,0,1,0,0,0,0,0
2751,0,0,1,0,0,0,0,0
2752,0,0,1,0,0,0,0,0
2753,0,0,1,0,0,0,0,1
2754,1,0,1,0,1,0,1,0
2755,0,0,1,0,0,0,1,1
2756,0,0,0,0,1,0,1,0
2757,0,0,1,1,1,0,1,0
2758,1,0,1,0,1,0,0,0
2759,0,0,0,0,1,0,1,0
2760,1,1,1,1,1,1,1,1
2761,1,1,0,0,0,0,0,0
2762,1,0,1,0,0,0,0,1
2763,0,0,1,0,0,0,0,0
2764,0,0,1,0,0,0,0,0
2765,0,0,0,0,1,0,1,0
2766,0,0,1,0,0,0,0,0
2767,1,0,1,0,1,1,0,0
2768,0,0,1,0,0,0,0,1
2769,1,0,0,0,0,0,1,0
2770,0,1,0,0,0,1,0,1
2771,0,0,1,0,0,0,0,0
2772,1,0,0,0,1,0,1,0
2773,1,0,0,0,1,0,1,1
2774,0,0,1,0,0,0,1,0
2775,1,1,1,1,1,1,1,1
2776,0,0,1,0,1,0,0,1
2777,0,0,1,0,0,0,0,1
2778,1,0,1,0,1,0,1,0
2779,1,0,1,0,1,0,1,0
2780,1,0,1,0,1,0,0,0
2781,0,0,1,0,0,1,0,1
2782,0,0,1,1,0,0,1,0
2783,0,0,1,0,0,0,0,0
2784,0,0,1,0,0,1,1,1
2785,0,0,1,0,0,1,0,0
2786,0,0,1,1,1,0,1,1
2787,0,0,1,0,0,0,1,0
2788,1,0,0,0,0,0,1,0
2789,0,0,1,0,0,0,0,0
2790,1,1,1,1,1,1,1,0
2791,1,0,0,0,1,0,1,0
2792,1,0,0,0,1,1,1,0
2793,1,0,1,0,0,0,1,1
2794,1,0,1,0,1,0,1,0
2795,1,1,1,1,0,1,0,1
2796,0,0,1,0,0,0,0,0
2797,0,0,1,0,1,1,0,0
2798,0,0,0,1,0,0,0,0
2799,0,0,1,0,0,0,0,0
2800,0,1,1,0,1,0,1,1
2801,1,0,0,0,1,1,1,0
2802,0,0,0,0,0,1,1,0
2803,0,0,1,0,0,0,0,1
2804,1,0,1,0,1,1,0,0
2805,1,0,1,1,0,0,0,1
2806,1,0,1,0,0,1,1,0
2807,0,0,0,0,0,0,0,1
2808,1,0,1,0,0,0,1,0
2809,0,0,1,0,0,0,0,0
2810,0,0,1,0,0,0,0,0
2811,1,1,0,0,0,0,1,0
2812,0,0,1,0,0,0,0,0
2813,0,0,1,0,0,0,0,0
2814,0,0,1,0,0,0,0,1
2815,0,0,0,1,1,1,0,0
2816,1,0,1,1,1,0,0,0
2817,1,0,1,0,0,1,0,1
2818,0,0,1,0,1,1,1,1
2819,0,0,1,0,0,0,0,1
2820,0,0,1,0,0,0,1,1
2821,0,0,0,0,0,0,1,0
2822,1,0,0,0,1,1,0,0
2823,1,0,0,0,1,1,1,0
2824,0,0,1,0,0,0,0,0
2825,0,0,1,0,0,1,1,0
2826,1,0,0,0,1,0,0,0
2827,0,0,1,0,1,0,0,1
2828,0,0,1,0,0,0,0,1
2829,1,0,1,0,0,0,1,0
2830,0,0,1,0,0,0,0,0
2831,0,1,1,0,0,0,0,1
2832,0,0,1,1,0,1,1,0
2833,0,0,1,0,0,1,0,0
2834,0,0,1,0,0,0,0,0
2835,1,0,1,0,1,1,0,0
2836,0,0,0,0,1,0,0,0
2837,0,0,1,0,0,0,0,1
2838,0,0,1,0,1,1,0,0
2839,0,0,1,1,1,0,0,0
2840,0,0,1,0,1,0,0,0
2841,1,1,1,1,1,1,1,1
2842,0,0,1,0,0,1,0,1
2843,0,0,1,0,0,0,0,0
2844,1,1,1,1,1,1,1,1
2845,1,0,1,0,0,0,0,0
2846,0,0,1,0,0,0,0,0
2847,1,0,0,0,1,1,1,0
2848,0,0,0,0,0,1,1,1
2849,0,0,1,0,0,0,0,0
2850,0,0,1,0,0,0,0,0
2851,0,1,1,0,0,0,0,1
2852,0,0,1,0,0,0,0,0
2853,1,1,1,0,0,0,0,0
2854,1,0,0,0,1,0,1,0
2855,1,0,0,0,1,0,0,0
2856,0,0,1,0,0,0,0,1
2857,0,0,1,0,1,1,0,0
2858,0,0,1,0,1,0,0,1
2859,1,0,0,0,1,1,0,0
2860,0,0,1,0,0,0,0,0
2861,0,0,1,0,1,0,0,1
2862,1,0,1,0,0,1,0,1
2863,1,0,1,0,0,0,0,0
2864,0,0,1,0,1,0,1,1
2865,0,0,1,0,0,0,0,0
2866,1,0,1,0,0,0,0,0
2867,1,0,0,0,0,1,0,0
2868,0,0,0,0,0,0,0,1
2869,0,0,0,1,0,0,0,0
2870,0,0,1,0,0,0,0,0
2871,0,0,1,0,0,0,0,0
2872,0,1,1,0,0,0,0,0
2873,1,0,0,0,1,0,1,0
2874,0,0,0,0,1,1,1,0
2875,0,0,1,0,0,0,0,0
2876,1,0,0,0,1,0,1,0
2877,0,0,1,0,1,0,0,1
2878,1,0,1,0,1,0,1,0
2879,0,0,1,0,0,0,1,1
2880,0,0,1,0,0,0,0,0
2881,0,0,0,0,0,1,0,0
2882,0,0,1,0,0,0,0,0
2883,1,0,1,0,0,1,0,0
2884,0,0,0,0,1,1,1,0
2885,1,0,1,0,0,0,1,1
2886,1,0,1,0,1,0,1,0
2887,1,0,0,0,1,0,1,0
2888,1,0,0,0,1,0,1,0
2889,0,0,0,0,1,0,0,0
2890,1,0,1,0,1,1,0,0
2891,1,1,1,0,1,0,1,1
2892,1,0,1,0,1,0,0,0
2893,0,0,1,0,1,1,0,1
2894,1,0,0,0,1,0,1,0
2895,0,0,1,0,0,1,0,0
2896,1,0,0,0,1,0,1,0
2897,1,0,1,0,0,0,0,0
2898,1,0,1,0,1,1,0,0
2899,0,0,1,0,0,0,0,1
2900,1,0,0,0,1,0,1,0
2901,1,1,1,1,1,1,1,1
2902,1,0,1,0,0,1,0,0
2903,1,1,0,0,1,0,1,0
2904,0,0,1,0,1,1,0,1
2905,1,0,1,0,1,1,0,0
2906,0,0,1,0,0,1,0,1
2907,0,0,1,0,0,1,0,1
2908,0,0,1,0,0,1,1,0
2909,0,0,1,0,1,0,1,0
2910,0,0,1,0,0,0,0,0
2911,1,0,0,0,1,0,1,0
2912,1,0,1,0,0,0,1,1
2913,1,1,1,1,1,1,1,1
2914,0,0,1,0,0,0,0,0
2915,0,0,1,0,0,0,0,1
2916,0,0,0,0,1,0,1,0
2917,1,0,0,0,1,1,1,0
2918,0,0,0,0,0,0,1,0
2919,1,0,0,0,1,0,1,0
2920,0,0,1,0,0,0,0,1
2921,1,0,1,0,0,0,1,0
2922,0,0,0,0,0,0,0,1
2923,1,0,0,0,1,0,1,0
2924,0,0,0,1,0,1,0,0
2925,0,0,1,0,0,1,1,0
2926,0,0,0,0,1,1,1,0
2927,0,0,0,0,1,0,1,0
2928,0,0,1,0,0,0,0,0
2929,1,0,1,0,1,1,0,0
2930,1,0,1,0,0,1,0,0
2931,1,0,0,0,0,1,1,0
2932,0,0,1,0,0,0,0,0
2933,0,1,1,0,0,0,0,1
2934,0,0,1,0,0,0,0,1
2935,1,1,1,0,0,1,0,0
2936,0,0,1,0,0,0,0,0
2937,0,0,0,0,1,0,1,0
2938,1,0,1,0,1,0,0,0
2939,1,1,0,0,1,1,1,0
2940,1,0,1,0,0,0,0,0
2941,0,0,0,0,0,1,1,0
2942,1,0,0,0,1,0,1,0
2943,1,0,1,0,1,0,0,0
2944,1,1,0,0,1,0,1,0
2945,1,0,1,1,0,0,0,0
2946,1,0,1,0,0,1,0,0
2947,0,0,0,0,1,0,1,0
2948,1,0,1,0,0,0,0,0
2949,0,0,0,0,0,1,0,0
2950,0,0,1,0,0,0,0,0
2951,0,0,0,0,1,0,1,0
2952,0,0,1,0,0,0,0,0
2953,1,1,1,0,0,0,0,0
2954,0,0,1,0,0,0,0,1
2955,0,0,1,0,0,0,0,1
2956,1,1,1,0,0,0,0,0
2957,0,1,1,0,1,0,1,0
2958,1,1,1,0,0,1,0,1
2959,1,1,1,0,1,0,0,1
2960,0,0,1,0,0,0,0,0
2961,0,0,1,0,0,0,0,0
2962,1,0,1,0,0,0,0,1
2963,1,0,0,0,0,1,0,0
2964,1,0,1,0,1,1,1,1
2965,0,0,0,0,1,0,0,0
2966,1,1,1,0,1,1,1,1
2967,0,0,1,0,0,0,0,0
2968,1,0,0,0,1,1,1,0
2969,1,0,0,0,1,0,1,0
2970,1,0,1,0,1,1,1,1
2971,1,0,1,0,0,0,1,0
2972,0,0,1,0,0,0,0,0
2973,0,0,1,0,1,0,1,0
2974,1,0,1,0,0,0,1,1
2975,0,0,0,0,0,1,0,0
2976,0,0,0,0,1,0,0,0
2977,0,0,1,0,0,0,1,1
2978,1,0,1,0,1,0,0,0
2979,1,0,0,0,1,0,1,0
2980,0,0,0,0,1,0,0,0
2981,0,0,1,0,0,1,0,0
2982,1,0,0,0,0,0,0,0
2983,1,0,1,0,1,0,1,0
2984,1,0,1,0,1,0,0,0
2985,1,0,0,0,1,0,1,1
2986,0,0,1,0,0,1,0,1
2987,1,0,1,0,0,0,1,0
2988,0,0,1,0,0,0,0,0
2989,0,0,1,0,0,0,0,0
2990,0,0,0,0,0,1,0,0
2991,0,0,1,0,0,0,0,0
2992,1,1,1,0,1,0,0,0
2993,1,0,1,0,0,0,1,0
2994,1,0,1,0,0,0,1,1
2995,1,0,0,0,0,0,1,0
2996,0,0,1,1,1,0,0,0
2997,0,0,0,0,1,0,0,0
2998,1,0,1,0,0,1,0,0
2999,0,0,1,0,0,0,0,1
3000,0,0,1,0,0,0,0,0
3001,1,0,1,0,1,0,1,0
3002,1,0,0,0,1,1,1,0
3003,1,0,0,1,1,1,1,0
3004,1,0,1,0,1,0,0,0
3005,0,0,1,0,0,0,0,1
3006,1,0,0,1,0,1,0,0
3007,0,0,0,0,1,0,1,0
3008,1,0,1,0,0,0,0,1
3009,1,0,1,0,0,1,0,0
3010,1,0,1,1,1,0,1,1
3011,0,0,0,0,1,1,1,0
3012,0,0,1,0,0,0,0,0
3013,0,0,0,0,0,1,0,0
3014,0,1,1,1,0,0,0,0
3015,0,0,0,0,0,0,1,0
3016,1,0,0,0,0,1,1,0
3017,1,0,0,0,1,1,1,0
3018,0,0,1,0,0,0,0,0
3019,1,0,1,0,1,0,0,0
3020,1,0,1,0,1,1,1,0
3021,1,0,0,0,0,0,1,0
3022,1,1,0,0,1,0,1,0
3023,0,0,1,0,0,0,0,1
3024,1,0,0,0,1,0,1,0
3025,0,1,1,1,0,0,0,0
3026,0,0,1,0,0,0,0,0
3027,0,0,1,0,0,0,0,1
3028,0,0,1,0,0,0,1,0
3029,0,0,1,0,0,1,0,1
3030,1,0,1,0,0,1,0,1
3031,0,0,1,0,0,0,0,0
3032,0,0,1,0,0,0,0,0
3033,1,0,0,0,1,1,1,0
3034,0,0,1,0,1,0,1,0
3035,0,0,1,0,0,0,0,1
3036,0,0,1,0,0,0,0,1
3037,0,0,1,0,1,1,0,1
3038,0,0,1,1,0,0,0,0
3039,1,0,1,0,0,0,1,0
3040,1,0,1,0,1,0,0,0
3041,0,0,1,0,0,0,0,0
3042,1,1,1,1,1,1,1,1
3043,0,0,1,0,0,0,0,1
3044,0,0,1,0,0,0,0,0
3045,1,0,1,0,0,0,0,0
3046,0,0,0,0,1,0,1,0
3047,1,0,1,0,0,0,0,0
3048,1,0,1,0,0,0,1,1
3049,0,0,1,0,0,0,0,0
3050,1,1,1,1,1,1,1,1
3051,0,0,1,0,0,1,0,1
3052,0,0,1,0,0,0,0,1
3053,1,1,0,0,1,0,0,0
3054,0,0,1,0,0,1,0,1
3055,0,0,0,0,1,0,1,1
3056,0,0,1,0,0,0,0,1
3057,1,1,0,0,0,1,1,1
3058,0,0,1,0,0,0,0,0
3059,0,0,1,0,0,0,0,0
3060,0,0,1,0,1,0,1,0
3061,1,0,0,0,1,0,0,1
3062,1,0,0,0,1,1,1,0
3063,1,0,1,0,0,0,0,0
3064,0,0,1,0,0,0,0,0
3065,0,0,1,0,0,0,0,0
3066,0,0,1,0,0,0,0,0
3067,0,0,0,0,0,1,0,0
3068,0,0,1,1,0,0,0,1
3069,1,1,1,0,0,0,0,0
3070,0,0,1,0,1,1,0,0
3071,0,0,1,0,0,0,0,1
3072,0,0,1,0,0,1,0,0
3073,0,0,0,1,1,0,1,0
3074,0,1,1,0,0,0,0,1
3075,1,0,1,0,1,0,1,0
3076,1,0,1,0,1,1,1,0
3077,1,0,0,0,0,1,1,0
3078,0,0,1,0,0,0,0,0
3079,0,1,1,0,0,0,1,0
3080,1,0,0,0,1,0,1,0
3081,0,0,1,0,0,0,0,0
3082,0,0,1,0,1,0,0,0
3083,0,0,1,0,1,1,0,1
3084,1,0,1,0,1,1,1,1
3085,0,1,1,1,0,0,0,0
3086,0,0,1,0,0,0,0,0
3087,0,0,1,0,0,0,0,1
3088,1,1,1,0,1,1,1,0
3089,1,0,0,1,1,0,1,0
3090,0,0,1,0,1,1,0,1
3091,1,0,1,0,0,0,0,0
3092,1,0,0,0,1,0,1,0
3093,0,0,1,0,0,0,0,0
3094,1,1,1,0,1,0,1,0
3095,0,0,0,0,0,1,0,0
3096,1,0,1,0,1,1,0,0
3097,1,0,1,1,0,1,1,0
3098,1,0,0,0,1,1,1,1
3099,0,0,0,0,1,0,0,0
3100,1,0,1,0,1,1,1,1
3101,0,0,1,0,0,0,0,0
3102,1,0,1,0,1,0,0,0
3103,0,0,1,0,0,0,0,1
3104,0,0,1,0,0,0,0,0
3105,1,0,0,0,0,0,0,0
3106,0,0,1,0,0,0,0,0
3107,1,1,0,0,1,0,1,0
3108,0,0,1,1,1,1,0,0
3109,1,0,1,0,1,1,1,0
3110,0,0,1,0,0,1,0,0
3111,0,0,0,0,1,1,0,0
3112,0,0,1,0,1,0,1,0
3113,1,1,1,1,1,1,1,1
3114,0,0,1,0,1,0,0,0
3115,1,1,1,1,1,1,1,1
3116,1,0,1,0,0,1,1,0
3117,1,0,1,0,0,0,0,1
3118,0,0,0,0,0,0,0,1
3119,0,1,1,1,1,0,0,1
3120,1,0,0,0,0,1,0,0
3121,1,0,1,1,1,1,1,0
3122,0,0,1,1,0,0,1,0
3123,1,0,0,0,1,0,1,0
3124,0,0,1,0,1,0,1,0
3125,1,0,0,1,0,0,1,0
3126,0,1,1,0,1,0,1,0
3127,0,0,1,0,1,0,1,1
3128,1,1,0,0,1,0,1,0
3129,0,0,1,0,0,0,1,0
3130,0,0,0,0,0,1,0,0
3131,0,1,1,0,0,0,0,0
3132,0,0,1,0,0,0,0,0
3133,0,0,1,0,0,1,0,0
3134,0,0,1,0,1,0,0,0
3135,1,0,1,0,0,0,1,0
3136,1,0,1,0,1,1,1,1
3137,1,0,1,0,0,1,1,1
3138,1,0,0,0,1,1,1,0
3139,0,0,1,0,0,0,0,0
3140,0,0,0,1,1,1,1,0
3141,1,0,1,0,1,1,1,0
3142,1,0,1,0,1,1,0,1
3143,0,0,1,0,0,0,0,1
3144,1,0,1,0,0,1,0,1
3145,0,0,1,0,1,1,1,0
3146,1,0,0,0,1,0,1,0
3147,1,0,0,0,1,0,1,0
3148,0,0,1,0,0,0,0,1
3149,1,0,0,0,1,0,1,0
3150,1,1,0,0,0,0,1,0
3151,1,0,0,0,1,1,0,0
3152,0,0,1,0,1,1,0,0
3153,0,0,1,0,0,1,0,0
3154,1,0,1,0,1,1,0,0
3155,0,0,1,0,0,0,0,0
3156,1,0,1,0,1,0,0,0
3157,0,0,1,0,0,0,0,0
3158,1,0,1,0,1,0,0,1
3159,0,0,1,0,1,1,0,0
3160,0,0,1,0,1,1,0,1
3161,1,0,1,0,1,1,0,0
3162,0,0,1,0,0,0,0,0
3163,0,0,1,0,0,0,0,1
3164,1,0,1,0,1,1,1,0
3165,1,0,1,0,1,0,0,0
3166,1,0,1,0,1,0,1,0
3167,1,0,1,0,0,0,0,0
3168,0,0,0,0,1,1,1,0
3169,1,0,1,0,1,1,1,0
3170,1,0,1,0,1,0,0,0
3171,0,0,1,0,1,0,0,1
3172,0,0,1,0,0,0,0,1
3173,0,0,1,0,1,1,0,0
3174,1,1,1,0,0,1,0,0
3175,0,0,1,0,0,0,0,0
3176,0,0,1,0,0,0,0,0
3177,0,0,0,0,1,0,0,1
3178,1,0,0,0,0,1,1,1
3179,1,0,1,0,1,1,1,0
3180,1,0,0,0,1,0,1,0
3181,1,1,1,1,1,1,1,1
3182,1,1,1,1,1,1,1,1
3183,1,0,0,0,0,1,0,1
3184,0,1,1,0,0,1,1,0
3185,1,1,1,1,1,1,1,1
3186,0,0,1,0,0,0,0,0
3187,0,0,1,0,0,0,0,0
3188,0,0,1,0,0,0,0,0
3189,0,0,1,0,0,1,0,0
3190,0,0,0,0,1,1,1,0
3191,0,0,0,0,1,0,1,1
3192,1,0,0,0,1,0,1,0
3193,0,0,1,0,0,0,0,1
3194,1,1,1,0,0,1,0,0
3195,1,0,0,0,1,1,0,0
3196,0,0,1,0,0,0,0,0
3197,1,0,1,0,1,0,0,1
3198,1,0,0,0,1,0,1,0
3199,1,1,0,0,1,0,1,1
3200,1,0,1,0,1,0,1,1
3201,1,0,0,0,1,1,1,0
3202,1,0,1,0,1,0,1,0
3203,0,0,0,1,0,0,0,0
3204,0,0,1,1,0,0,0,0
3205,1,0,1,0,1,0,1,0
3206,0,0,1,0,0,0,0,1
3207,1,0,1,0,0,0,0,1
3208,0,0,1,0,0,1,0,0
3209,1,0,1,0,0,0,1,0
3210,0,0,1,0,0,0,0,0
3211,1,0,0,0,0,0,1,0
3212,0,0,1,0,0,0,1,0
3213,0,0,1,0,0,0,0,0
3214,1,0,0,0,0,1,1,0
3215,0,0,1,0,0,0,0,0
3216,0,0,1,1,0,0,0,0
3217,1,0,1,0,1,0,1,0
3218,0,0,0,0,0,1,0,0
3219,0,0,1,0,0,1,0,1
3220,0,1,1,0,0,0,0,0
3221,0,0,0,0,0,1,0,0
3222,1,0,0,1,1,0,1,0
3223,1,0,1,0,0,0,0,0
3224,1,0,1,0,1,0,0,0
3225,0,0,1,0,0,0,1,1
3226,1,1,0,0,1,1,1,0
3227,1,1,1,0,0,0,0,0
3228,1,1,0,1,0,0,0,0
3229,0,0,1,0,0,0,0,0
3230,1,0,0,0,1,0,1,0
3231,0,0,1,0,1,0,0,0
3232,1,0,0,0,1,1,1,0
3233,0,0,1,0,0,0,0,0
3234,1,0,1,0,0,1,1,1
3235,1,0,1,0,1,0,0,0
3236,0,0,1,0,0,0,0,1
3237,0,0,0,0,1,0,1,0
3238,1,0,1,0,1,0,1,0
3239,1,1,1,0,0,0,0,0
3240,0,1,0,0,1,0,1,1
3241,0,0,1,0,0,0,0,0
3242,0,0,1,0,0,0,0,0
3243,0,0,1,0,0,0,0,0
3244,0,0,1,0,0,0,0,0
3245,0,0,1,0,0,0,0,1
3246,1,0,1,0,1,0,0,0
3247,1,0,1,0,0,0,0,1
3248,1,0,0,0,1,0,1,0
3249,1,0,0,0,1,0,1,0
3250,1,0,0,0,1,0,0,0
3251,0,0,1,0,0,0,0,0
3252,1,0,1,0,0,1,0,1
3253,1,0,0,0,1,1,1,0
3254,1,0,1,0,0,0,0,0
3255,1,0,1,0,1,0,1,0
3256,0,0,1,0,0,0,0,0
3257,0,0,1,0,0,0,0,0
3258,0,0,0,0,0,0,0,0
3259,1,0,0,0,1,1,0,0
3260,1,0,0,0,0,1,0,0
3261,0,0,1,0,0,0,0,0
3262,0,0,1,0,0,0,0,0
3263,1,0,0,0,1,0,0,0
3264,0,0,1,0,0,1,1,1
3265,1,0,0,0,1,0,0,0
3266,1,0,0,0,1,0,1,0
3267,0,0,1,0,1,1,0,0
3268,0,0,1,0,0,0,0,0
3269,0,0,1,0,0,0,1,0
3270,1,0,1,0,1,0,0,1
3271,0,0,1,0,0,0,0,0
3272,1,0,1,0,0,0,1,1
3273,1,1,0,0,1,0,1,0
3274,0,0,0,0,0,1,0,0
3275,0,0,1,0,0,0,0,0
3276,1,1,1,1,1,1,1,1
3277,0,0,1,0,0,0,0,0
3278,0,0,1,0,1,1,0,0
3279,0,0,1,0,0,0,0,1
3280,1,0,0,0,1,0,1,0
3281,0,0,1,0,0,0,0,1
3282,0,0,1,0,0,0,0,0
3283,0,0,1,0,0,0,0,1
3284,1,0,0,0,1,1,1,0
3285,0,0,1,0,0,0,0,0
3286,0,0,1,0,0,1,0,0
3287,0,0,1,0,0,0,0,0
3288,1,0,0,0,1,1,1,1
3289,1,0,1,0,1,0,1,0
3290,1,0,1,0,0,0,1,0
3291,0,0,1,0,0,0,0,0
3292,1,0,1,0,0,0,1,0
3293,0,0,0,0,0,0,0,1
3294,0,0,1,0,0,0,0,1
3295,1,0,1,0,1,0,0,0
3296,0,0,1,0,0,0,0,0
3297,1,0,1,0,1,0,1,0
3298,1,0,0,0,1,0,1,0
3299,1,0,1,0,0,0,1,0
3300,1,0,1,1,1,0,1,0
3301,1,0,0,0,0,0,0,0
3302,0,0,1,0,0,0,0,1
3303,0,0,1,0,0,0,0,0
3304,0,0,1,0,0,1,0,1
3305,1,0,0,0,1,0,1,0
3306,0,0,1,0,0,0,0,1
3307,0,0,1,0,0,0,0,0
3308,1,0,0,0,1,1,1,0
3309,0,0,1,0,0,0,0,0
3310,1,1,0,0,0,0,1,0
3311,0,0,1,0,1,0,0,0
3312,0,0,1,0,0,0,0,0
3313,0,0,0,1,1,1,1,0
3314,1,1,1,1,1,1,1,1
3315,0,0,1,0,1,0,1,1
3316,1,0,0,0,1,1,1,1
3317,0,0,1,0,1,0,1,0
3318,0,0,1,0,0,0,0,1
3319,0,0,1,0,0,0,0,1
3320,0,0,0,0,1,0,0,0
3321,1,0,1,0,1,0,1,0
3322,0,0,1,0,0,0,0,0
3323,1,1,1,1,1,1,1,1
3324,0,0,0,0,0,0,1,0
3325,0,0,1,0,0,1,0,0
3326,0,0,1,0,1,0,0,0
3327,1,0,0,0,0,0,1,1
3328,0,0,0,0,1,0,1,0
3329,0,0,1,0,1,0,1,1
3330,1,0,1,0,1,0,1,0
3331,1,1,0,0,1,0,1,0
3332,1,1,0,0,1,0,0,0
3333,0,0,1,0,1,0,0,0
3334,1,1,1,0,1,1,1,0
3335,1,0,1,0,0,0,0,1
3336,0,0,1,0,0,0,0,0
3337,1,0,0,0,0,1,0,0
3338,1,0,0,0,0,0,1,1
3339,0,0,1,0,0,0,0,0
3340,1,0,0,0,0,1,0,0
3341,1,0,1,1,0,0,0,0
3342,0,0,0,0,1,0,1,0
3343,0,0,0,0,0,1,0,0
3344,0,0,1,0,0,0,0,0
3345,1,0,1,0,1,0,1,1
3346,1,0,1,0,1,0,1,0
3347,0,0,1,0,1,0,1,1
3348,1,1,1,1,1,1,1,1
3349,1,0,0,0,1,1,1,0
3350,0,0,0,0,0,1,0,0
3351,1,0,0,0,1,1,1,0
3352,0,0,1,0,0,0,0,0
3353,0,0,0,0,1,0,0,0
3354,0,0,1,0,1,0,1,0
3355,0,0,1,0,0,0,0,0
3356,0,0,1,0,0,0,0,0
3357,0,0,0,0,1,0,1,0
3358,1,1,0,0,1,0,1,0
3359,1,0,1,0,1,0,0,0
3360,1,0,1,0,1,0,1,0
3361,0,0,1,0,0,0,0,0
3362,1,0,0,0,1,1,0,0
3363,0,0,0,0,1,0,1,0
3364,0,0,0,0,0,1,0,0
3365,1,0,1,0,1,1,0,0
3366,0,0,1,0,0,0,0,0
3367,1,1,0,0,1,0,1,0
3368,1,0,0,0,0,0,1,1
3369,0,0,1,0,0,0,0,0
3370,0,0,1,0,1,1,1,1
3371,1,1,1,0,0,0,0,0
3372,1,0,0,0,1,0,0,0
3373,0,0,1,0,0,0,0,0
3374,1,0,0,0,1,1,0,1
3375,1,0,1,0,0,1,0,0
3376,1,0,1,0,1,0,1,0
3377,0,0,1,0,0,0,1,0
3378,0,0,1,0,0,0,0,0
3379,0,0,1,0,0,0,0,0
3380,1,0,1,1,1,0,0,1
3381,0,1,0,0,0,0,0,0
3382,0,0,1,0,0,0,0,0
3383,0,0,1,0,0,0,0,0
3384,1,1,0,0,1,1,1,0
3385,1,0,0,0,1,0,1,0
3386,0,0,1,0,0,0,0,0
3387,0,0,1,0,1,0,0,0
3388,1,1,0,0,1,1,1,0
3389,0,0,1,0,0,0,0,0
3390,1,1,1,0,1,1,1,0
3391,0,0,1,0,0,0,0,0
3392,0,0,1,0,0,0,0,0
3393,0,0,1,0,0,0,1,1
3394,0,0,1,0,0,0,0,0
3395,0,0,1,0,1,0,0,1
3396,0,0,1,0,0,0,0,0
3397,0,0,0,0,0,0,0,0
3398,1,0,0,0,1,1,0,0
3399,1,0,1,0,0,1,0,0
3400,1,0,1,0,0,0,0,1
3401,0,0,0,0,0,1,0,0
3402,1,0,0,0,1,0,1,0
3403,1,0,0,0,1,1,0,0
3404,0,0,1,0,0,1,0,0
3405,1,0,1,1,1,0,0,0
3406,0,0,1,0,0,0,0,1
3407,0,0,1,1,0,0,0,0
3408,0,0,1,1,1,0,1,1
3409,1,0,0,0,1,0,0,0
3410,0,0,1,0,0,0,0,0
3411,0,0,1,0,0,0,0,0
3412,0,0,1,0,0,0,0,0
3413,1,0,1,0,1,1,0,0
3414,0,0,1,0,1,0,1,0
3415,0,0,1,0,1,1,0,0
3416,0,0,1,0,0,0,0,0
3417,0,0,1,0,0,1,0,1
3418,1,0,1,0,1,1,0,1
3419,1,0,0,0,1,1,1,0
3420,1,1,0,0,1,0,1,1
3421,1,0,0,1,1,0,0,0
3422,1,0,1,1,1,0,0,0
3423,0,0,0,0,1,0,1,0
3424,0,0,1,0,0,0,0,0
3425,0,0,1,0,1,0,1,0
3426,0,0,1,0,0,0,1,0
3427,1,0,1,0,1,0,0,0
3428,0,0,1,0,0,0,0,0
3429,1,0,0,0,0,1,0,0
3430,1,1,0,0,1,0,0,0
3431,1,0,1,0,0,0,0,1
3432,0,0,0,0,0,0,1,0
3433,0,0,1,0,0,0,1,0
3434,1,0,1,0,0,0,0,0
3435,1,1,0,0,1,0,1,1
3436,1,0,1,0,0,1,1,0
3437,1,0,0,0,1,0,1,0
3438,0,0,1,0,0,0,0,1
3439,0,0,0,0,0,0,1,0
3440,0,0,0,0,1,0,1,0
3441,1,0,1,0,1,1,1,0
3442,1,0,1,0,0,0,0,0
3443,0,0,0,0,1,1,1,0
3444,1,0,1,0,0,0,0,0
3445,1,0,0,0,0,1,0,1
3446,0,0,1,0,0,1,0,0
3447,1,0,0,0,1,1,1,0
3448,1,1,1,0,0,0,0,1
3449,0,0,1,1,1,0,0,1
3450,1,0,0,0,0,0,1,0
3451,1,0,0,0,1,0,1,0
3452,0,1,1,0,1,0,0,0
3453,0,1,1,0,1,0,1,0
3454,0,0,1,0,0,1,0,0
3455,0,0,1,0,0,0,0,0
3456,1,0,0,0,1,0,0,0
3457,0,0,1,0,0,1,0,0
3458,0,0,1,0,0,0,0,0
3459,1,0,0,0,1,0,0,0
3460,0,1,1,0,0,1,0,0
3461,1,0,1,0,1,0,1,0
3462,1,0,0,0,1,1,1,0
3463,1,0,1,0,0,0,0,0
3464,1,0,0,0,1,0,1,0
3465,0,0,1,0,0,0,0,0
3466,1,0,0,0,1,0,1,0
3467,1,1,0,0,1,0,1,0
3468,1,0,1,1,1,1,0,0
3469,1,1,0,0,1,0,1,0
3470,0,0,1,0,0,0,0,0
3471,0,0,1,0,0,0,0,0
3472,0,0,1,0,0,0,0,1
3473,0,0,1,0,0,0,0,1
3474,0,0,1,0,0,0,0,0
3475,1,0,1,0,1,0,0,0
3476,0,0,0,0,0,0,1,0
3477,0,0,0,0,0,1,0,0
3478,1,0,1,0,1,1,1,0
3479,0,0,0,0,0,1,0,1
3480,1,0,0,0,0,1,1,0
3481,1,0,0,0,0,0,1,1
3482,1,1,1,1,1,1,1,0
3483,1,0,1,0,0,1,0,1
3484,0,0,1,0,0,0,0,0
3485,0,0,1,0,0,0,0,0
3486,1,1,1,0,1,1,0,1
3487,0,0,0,0,1,0,0,0
3488,0,0,0,0,1,1,1,0
3489,0,0,0,0,1,0,1,1
3490,1,0,1,0,1,0,0,0
3491,1,0,0,0,1,0,1,0
3492,0,0,1,0,0,0,0,1
3493,0,0,0,0,1,0,1,0
3494,0,0,1,0,0,0,0,1
3495,0,0,1,0,0,0,0,0
3496,0,0,1,0,0,0,0,0
3497,1,1,1,1,1,1,1,1
3498,0,1,1,0,1,0,1,1
3499,1,0,0,0,0,1,0,0
3500,1,0,1,0,0,0,0,1
3501,0,1,1,1,0,1,0,1
3502,1,0,0,0,1,1,0,0
3503,0,0,1,0,0,1,0,1
3504,0,0,1,0,0,0,0,0
3505,1,0,0,0,1,0,1,0
3506,1,1,0,0,1,0,1,0
3507,1,0,1,0,1,1,0,0
3508,1,0,0,0,0,0,0,0
3509,0,0,1,0,0,0,0,0
3510,1,0,1,0,1,0,0,1
3511,0,0,1,0,0,0,0,0
3512,0,0,1,0,0,1,0,1
3513,0,0,0,0,1,0,1,0
3514,0,0,0,0,0,1,1,0
3515,0,1,0,1,1,1,1,1
3516,0,0,1,0,1,0,0,0
3517,1,1,0,0,0,0,1,1
3518,1,0,0,0,0,0,0,0
3519,1,0,1,0,0,1,0,1
3520,0,0,1,0,0,0,0,0
3521,0,0,0,0,1,1,0,0
3522,0,0,0,0,1,1,1,1
3523,1,0,1,0,1,1,1,1
3524,0,0,1,0,1,0,0,1
3525,0,0,0,0,1,1,0,0
3526,1,0,1,0,0,1,0,0
3527,0,0,0,0,1,0,0,0
3528,0,0,1,0,0,0,0,0
3529,0,0,0,0,0,0,1,0
3530,0,0,1,0,0,0,0,0
3531,1,0,1,0,1,0,0,0
3532,0,1,1,0,0,0,0,1
3533,1,0,0,0,1,0,1,0
3534,0,0,1,0,0,0,0,1
3535,0,0,0,0,1,0,1,0
3536,0,0,1,0,0,0,0,1
3537,0,0,1,0,0,0,0,0
3538,0,0,1,0,1,0,0,0
3539,1,0,1,1,1,1,1,0
3540,0,0,1,0,0,0,0,1
3541,1,1,1,1,1,1,1,1
3542,1,1,1,1,1,1,1,1
3543,0,0,1,0,0,0,0,1
3544,0,0,1,0,0,1,0,0
3545,1,0,0,0,1,0,0,0
3546,0,0,1,0,0,0,0,0
3547,1,0,1,0,0,0,0,0
3548,0,0,1,0,0,1,0,0
3549,1,0,1,0,1,0,0,0
3550,0,0,0,0,1,1,0,0
3551,0,0,1,0,1,0,1,1
3552,0,0,1,0,0,0,0,1
3553,0,0,1,0,0,0,1,0
3554,1,0,1,0,0,0,0,1
3555,1,0,1,0,0,1,0,0
3556,0,0,1,0,0,0,0,0
3557,1,0,1,0,1,0,0,0
3558,0,0,1,0,0,0,0,0
3559,0,0,1,0,1,0,1,0
3560,1,0,0,0,1,0,0,0
3561,0,0,1,0,0,0,0,0
3562,1,0,1,0,1,1,1,1
3563,0,0,1,0,0,0,0,0
3564,0,0,1,0,0,0,0,1
3565,0,1,0,1,1,0,1,1
3566,1,0,1,0,1,1,0,1
3567,0,0,1,0,1,0,0,1
3568,1,1,0,0,0,1,1,1
3569,1,0,1,0,1,0,1,0
3570,0,0,1,0,0,0,0,0
3571,0,0,1,0,0,0,0,0
3572,1,0,0,0,1,0,1,0
3573,0,1,0,0,1,0,1,0
3574,1,0,1,0,0,1,0,0
3575,1,0,0,0,1,0,1,0
3576,1,0,0,0,1,1,1,1
3577,1,0,0,1,1,0,1,0
3578,1,1,0,1,0,0,0,0
3579,0,0,0,0,1,0,1,0
3580,1,0,0,0,1,0,1,0
3581,1,0,1,0,0,0,0,0
3582,1,0,0,0,1,0,1,0
3583,0,0,1,0,0,0,0,1
3584,0,0,1,0,1,0,1,0
3585,1,0,1,0,0,0,0,0
3586,0,0,0,0,1,0,1,0
3587,0,0,1,0,1,0,1,0
3588,1,0,0,0,1,0,1,0
3589,0,0,0,0,1,0,0,0
3590,0,0,1,0,0,1,0,0
3591,1,0,0,0,1,1,0,0
3592,0,1,1,1,1,1,1,1
3593,1,0,1,1,1,1,0,1
3594,1,0,0,0,1,0,0,0
3595,1,0,0,0,0,1,1,0
3596,0,0,1,0,1,0,1,0
3597,1,0,0,0,1,0,1,0
3598,0,0,1,0,0,0,0,1
3599,1,0,0,0,1,1,1,0
3600,1,0,1,0,1,0,1,0
3601,0,0,0,0,1,0,1,0
3602,1,0,0,0,1,1,1,1
3603,0,0,1,0,0,0,0,0
3604,0,0,0,0,1,0,1,0
3605,0,0,1,1,1,1,0,1
3606,1,0,1,0,1,0,0,0
3607,1,0,1,0,1,1,0,1
3608,0,0,1,0,0,1,0,0
3609,0,1,1,0,0,1,0,1
3610,1,1,1,0,1,0,1,1
3611,0,0,1,0,1,0,0,0
3612,0,0,1,0,0,0,0,0
3613,1,0,1,0,0,0,0,0
3614,0,0,1,0,1,0,1,0
3615,0,0,1,0,1,0,0,0
3616,0,0,1,0,0,0,0,0
3617,0,0,1,1,0,0,0,1
3618,1,0,1,0,1,0,1,1
3619,0,0,0,0,0,1,0,0
3620,0,0,1,0,0,0,0,0
3621,0,0,0,0,1,0,1,0
3622,0,0,1,0,0,0,0,0
3623,0,0,1,0,0,0,0,0
3624,0,0,1,0,1,0,1,0
3625,0,0,0,0,1,0,1,0
3626,1,0,0,0,1,1,1,0
3627,0,0,1,0,0,1,0,1
3628,0,0,1,0,0,0,0,0
3629,0,0,1,0,0,1,0,1
3630,0,0,1,0,0,0,0,0
3631,1,0,1,0,1,1,0,0
3632,0,1,1,0,1,0,1,0
3633,1,0,1,0,1,1,1,0
3634,0,0,1,0,1,0,1,1
3635,0,0,0,0,0,0,1,0
3636,0,0,1,0,1,0,0,0
3637,0,0,0,0,1,0,1,0
3638,0,0,1,0,0,1,0,0
3639,1,0,0,0,0,0,0,1
3640,0,0,1,0,0,0,0,0
3641,0,0,0,0,1,0,1,0
3642,0,0,1,0,0,0,0,1
3643,0,0,0,0,0,0,0,1
3644,0,0,1,0,0,0,0,0
3645,1,1,1,0,0,0,0,0
3646,1,0,1,0,1,0,0,0
3647,0,0,1,0,1,0,0,0
3648,1,0,1,0,1,1,0,0
3649,1,0,1,0,0,0,0,0
3650,1,0,0,0,0,1,1,0
3651,0,0,0,0,0,1,1,0
3652,1,0,1,0,1,1,0,0
3653,0,0,0,0,1,0,1,0
3654,1,0,0,0,0,1,0,0
3655,0,0,1,0,0,0,0,1
3656,0,0,0,0,0,1,0,0
3657,0,0,1,0,0,0,0,0
3658,0,0,1,0,0,0,0,0
3659,1,1,1,0,0,0,0,0
3660,0,0,1,0,0,1,0,0
3661,0,0,1,0,0,0,0,0
3662,1,0,1,0,1,0,0,0
3663,1,0,1,0,0,0,0,0
3664,1,0,0,0,1,1,1,0
3665,1,1,1,0,1,0,1,0
3666,0,0,1,0,1,0,0,0
3667,1,0,1,0,1,0,0,0
3668,0,0,0,0,1,0,1,0
3669,1,0,0,0,0,1,0,0
3670,0,0,1,0,0,0,0,1
3671,1,1,1,0,1,0,1,0
3672,0,0,1,0,0,0,0,0
3673,1,1,1,1,1,1,1,1
3674,0,0,1,0,0,0,0,0
3675,0,0,1,0,0,0,0,1
3676,0,0,1,0,0,0,0,0
3677,1,0,0,0,0,1,1,0
3678,0,0,0,0,0,1,0,0
3679,0,0,1,0,0,0,0,0
3680,1,0,0,0,1,0,1,0
3681,0,0,1,0,0,0,0,0
3682,1,1,1,1,1,1,1,1
3683,0,0,1,0,0,0,0,0
3684,0,0,1,0,0,0,0,0
3685,1,0,0,0,1,0,1,0
3686,0,0,1,0,0,0,0,0
3687,0,0,1,0,0,0,0,1
3688,0,0,1,0,1,1,0,0
3689,0,0,1,0,0,0,0,1
3690,0,0,1,0,1,0,0,0
3691,0,0,1,0,0,0,0,0
3692,1,0,1,1,0,1,1,1
3693,0,0,1,0,0,1,0,1
3694,1,0,1,0,1,1,0,1
3695,0,0,1,0,1,1,0,0
3696,1,0,1,0,1,0,1,1
3697,1,0,0,0,1,1,1,0
3698,1,1,0,0,0,0,0,0
3699,0,0,1,0,1,0,0,1
3700,0,0,1,0,0,0,0,0
3701,0,0,0,0,1,1,0,0
3702,1,0,1,0,0,1,0,1
3703,0,0,1,0,0,0,0,0
3704,0,0,1,0,1,0,1,1
3705,1,0,1,0,1,1,0,0
3706,1,1,1,1,1,1,1,0
3707,1,0,1,1,1,0,0,0
3708,1,0,1,0,1,0,0,0
3709,1,0,1,0,1,1,0,0
3710,1,1,1,1,1,1,1,1
3711,0,0,1,0,0,0,0,0
3712,0,0,1,0,1,0,0,1
3713,0,0,1,0,0,0,0,0
3714,0,0,1,0,0,0,0,0
3715,0,0,1,0,0,0,0,0
3716,1,0,1,0,0,0,0,0
3717,0,0,0,0,1,1,1,0
3718,0,0,1,1,0,0,0,0
3719,0,0,1,0,0,0,0,0
3720,1,1,1,1,1,1,1,1
3721,0,0,1,0,1,1,0,0
3722,1,1,1,0,1,0,1,0
3723,0,0,1,0,1,1,0,0
3724,0,0,1,1,1,0,1,0
3725,1,1,1,1,1,1,1,1
3726,0,0,1,0,0,1,0,0
3727,1,0,1,0,1,0,0,0
3728,0,0,1,0,0,0,0,1
3729,0,0,1,0,0,0,0,0
3730,1,0,1,0,1,0,0,0
3731,1,0,1,0,1,0,0,0
3732,0,1,1,0,0,1,0,1
3733,1,0,1,0,1,1,0,0
3734,0,0,0,0,0,1,1,0
3735,1,0,1,0,0,0,0,0
3736,0,0,1,0,0,0,0,0
3737,0,0,1,0,0,0,0,0
3738,0,0,1,0,1,0,0,1
3739,1,0,0,0,1,0,1,1
3740,0,0,0,0,0,0,0,1
3741,1,0,1,0,1,1,1,1
3742,0,0,1,0,1,0,1,0
3743,0,0,1,0,0,0,0,0
3744,1,0,1,0,0,0,0,0
3745,1,0,1,0,0,0,0,0
3746,0,0,0,0,1,1,1,1
3747,1,0,0,0,0,0,0,0
3748,0,0,1,1,0,0,0,0
3749,0,0,1,0,0,1,0,0
3750,1,0,1,0,1,0,0,0
3751,0,0,1,0,0,0,0,0
3752,0,0,0,0,1,0,1,0
3753,0,0,1,0,0,0,0,0
3754,0,0,0,0,0,1,1,0
3755,0,0,0,0,0,1,0,0
3756,0,0,1,0,0,0,0,0
3757,0,0,1,0,0,0,0,0
3758,0,0,1,0,0,1,0,0
3759,0,1,1,0,0,0,0,0
3760,1,0,0,1,1,0,1,0
3761,0,0,1,0,0,0,1,0
3762,0,0,1,0,0,0,0,1
3763,1,0,1,0,1,1,1,0
3764,0,0,1,0,0,0,0,0
3765,1,0,0,0,1,1,1,0
3766,0,0,1,0,0,0,0,0
3767,0,0,1,0,0,1,0,0
3768,0,1,0,0,1,0,0,0
3769,1,1,1,0,1,0,1,0
3770,1,0,0,0,1,0,0,0
3771,0,0,1,0,0,0,0,0
3772,1,0,0,0,1,0,0,0
3773,1,1,1,1,1,1,1,1
3774,0,1,0,0,1,0,1,1
3775,1,0,0,0,1,1,0,0
3776,0,0,1,0,0,0,0,0
3777,1,1,1,1,1,1,1,1
3778,0,0,0,0,1,0,1,0
3779,1,0,1,0,0,0,0,0
3780,1,0,0,0,1,0,1,0
3781,1,0,0,0,1,1,1,1
3782,1,1,1,1,1,1,1,1
3783,0,0,1,0,0,0,0,0
3784,0,1,1,1,1,0,0,0
3785,1,1,1,1,1,1,1,0
3786,1,1,0,0,0,1,0,1
3787,1,0,1,0,0,0,0,0
3788,0,0,1,0,0,0,0,0
3789,1,1,1,1,1,1,1,1
3790,0,0,1,0,0,0,0,1
3791,0,0,1,1,1,0,0,0
3792,0,0,1,0,0,0,0,1
3793,1,0,1,0,0,0,0,0
3794,0,0,0,0,1,1,0,0
3795,0,0,1,1,0,0,1,1
3796,0,0,1,1,0,0,0,0
3797,1,1,0,0,1,1,1,0
3798,0,0,1,0,1,0,1,0
3799,1,0,0,0,1,0,0,0
3800,0,0,1,0,1,0,1,0
3801,0,0,1,0,0,0,0,0
3802,1,0,0,0,0,0,1,0
3803,1,1,0,0,1,1,1,0
3804,0,0,0,0,1,1,1,0
3805,0,1,1,0,0,1,0,0
3806,1,0,1,0,1,1,1,1
3807,0,0,1,0,0,1,0,1
3808,1,0,1,0,1,0,0,0
3809,0,0,1,0,0,0,0,1
3810,1,0,0,0,0,1,0,0
3811,1,0,1,1,0,0,0,1
3812,1,1,0,0,0,1,1,1
3813,1,0,1,0,1,0,0,0
3814,1,0,1,0,1,1,1,1
3815,1,1,1,0,1,0,0,0
3816,1,0,0,0,0,1,1,0
3817,0,0,1,0,0,0,0,0
3818,0,0,1,0,0,0,0,0
3819,1,0,1,0,0,1,0,0
3820,1,0,0,0,1,1,1,0
3821,1,0,1,0,0,1,0,0
3822,1,0,1,1,1,1,1,1
3823,1,0,1,0,1,0,0,0
3824,1,0,0,0,1,1,1,0
3825,1,0,0,0,1,1,1,0
3826,0,0,1,0,0,0,0,0
3827,0,0,0,0,0,1,0,0
3828,0,0,1,0,0,0,0,0
3829,0,0,1,0,1,0,0,0
3830,0,0,0,0,1,0,0,0
3831,0,1,1,0,1,0,0,0
3832,1,0,0,0,1,1,1,0
3833,0,0,1,0,1,1,1,0
3834,1,0,0,0,1,0,1,0
3835,1,0,1,0,0,1,0,0
3836,0,0,1,0,0,0,1,1
3837,1,0,0,0,0,0,0,0
3838,0,0,1,0,0,0,0,0
3839,0,0,1,0,0,0,0,1
3840,0,0,1,0,0,0,0,1
3841,1,1,1,1,1,1,1,1
3842,0,0,0,0,1,0,1,0
3843,0,0,1,0,0,0,1,0
3844,0,0,1,0,1,0,1,0
3845,1,0,0,0,1,1,0,0
3846,0,1,0,0,0,0,1,0
3847,0,0,1,0,0,0,0,0
3848,0,0,1,0,0,1,0,1
3849,0,0,0,0,0,0,0,1
3850,0,0,1,0,0,0,0,1
3851,1,1,0,0,1,0,1,0
3852,0,0,0,0,1,0,1,0
3853,1,1,1,1,0,0,1,1
3854,1,0,1,0,1,1,1,0
3855,0,0,1,1,0,0,0,0
3856,1,1,0,0,1,0,1,0
3857,1,1,1,0,1,0,0,1
3858,0,0,1,0,1,0,0,1
3859,0,0,0,0,0,1,0,1
3860,0,0,1,0,0,0,0,1
3861,0,0,1,0,1,0,0,1
3862,0,0,1,0,0,0,0,0
3863,0,0,1,0,0,1,0,0
3864,0,0,1,0,0,0,0,0
3865,0,0,1,0,0,0,0,0
3866,0,0,1,0,1,0,0,1
3867,0,0,0,1,1,0,1,0
3868,0,0,1,0,0,0,0,0
3869,0,1,1,1,0,0,1,0
3870,1,0,0,0,0,1,0,0
3871,0,0,0,0,1,1,1,0
3872,0,0,1,0,0,0,0,0
3873,1,0,0,0,1,0,1,0
3874,0,0,1,0,0,0,0,0
3875,1,0,1,0,0,1,0,1
3876,0,0,1,0,0,0,0,0
3877,1,0,1,0,1,0,0,0
3878,1,0,1,0,0,1,0,0
3879,1,0,0,0,0,1,1,0
3880,1,0,1,0,1,0,0,0
3881,0,1,1,0,0,1,0,0
3882,1,0,1,0,1,0,1,0
3883,0,0,1,0,1,0,1,0
3884,0,0,0,0,0,1,0,0
3885,1,0,1,0,1,0,1,0
3886,1,0,0,0,1,1,1,0
3887,0,0,1,0,0,0,0,1
3888,1,0,0,0,0,1,1,0
3889,1,0,0,0,1,1,1,1
3890,1,1,1,1,1,1,1,1
3891,0,0,0,0,0,1,0,0
3892,0,0,1,0,0,0,0,0
3893,0,0,1,0,0,0,0,0
3894,0,0,0,0,0,1,0,0
3895,0,0,1,0,0,0,0,0
3896,1,0,1,0,0,1,0,0
3897,1,0,1,0,0,0,0,1
3898,1,0,1,1,0,0,1,0
3899,1,0,1,0,0,0,1,0
3900,0,0,1,0,0,0,0,0
3901,0,0,1,0,0,0,0,0
3902,0,0,1,0,0,0,0,0
3903,1,1,1,1,1,1,1,1
3904,1,0,0,0,1,1,1,0
3905,1,0,0,0,1,0,1,0
3906,1,0,1,0,1,0,0,0
3907,0,0,0,0,1,0,1,0
3908,1,0,1,0,0,0,0,1
3909,1,0,0,0,0,1,1,0
3910,0,0,1,0,0,1,0,1
3911,1,0,0,0,1,0,1,0
3912,1,0,1,0,1,1,0,0
3913,0,1,0,0,0,1,0,0
3914,1,0,1,0,0,1,1,1
3915,0,0,1,0,0,0,0,0
3916,0,0,1,0,1,1,0,1
3917,1,0,1,0,1,1,0,1
3918,1,0,0,0,0,1,1,0
3919,1,1,1,0,1,0,0,0
3920,0,0,0,0,0,0,1,1
3921,0,0,1,0,1,0,1,1
3922,1,1,1,1,1,1,1,1
3923,0,0,1,0,0,0,0,0
3924,1,0,1,0,1,0,0,1
3925,0,0,1,0,0,0,0,0
3926,1,0,1,0,1,0,1,0
3927,0,0,1,0,0,1,1,1
3928,0,0,1,0,0,0,0,0
3929,1,1,0,0,0,0,1,0
3930,1,0,0,0,1,0,1,0
3931,1,1,0,0,1,0,0,0
3932,0,0,1,0,0,0,1,0
3933,0,0,1,0,0,1,0,0
3934,0,0,1,0,0,0,0,0
3935,0,0,0,0,0,1,0,0
3936,0,0,1,0,1,0,1,0
3937,0,0,1,0,0,0,0,0
3938,0,0,0,0,0,1,1,1
3939,0,0,1,0,0,0,0,1
3940,0,0,1,0,0,0,0,0
3941,0,0,0,0,1,0,1,1
3942,0,0,1,1,0,0,0,0
3943,1,0,1,0,1,0,1,0
3944,1,0,0,0,1,0,0,0
3945,1,0,0,0,1,1,0,1
3946,0,1,0,0,1,0,1,0
3947,1,0,1,0,1,1,0,0
3948,1,0,1,0,0,1,0,1
3949,0,1,0,0,1,1,1,0
3950,1,0,1,0,1,1,0,0
3951,0,0,0,0,0,1,0,1
3952,0,0,1,1,0,0,0,1
3953,0,1,1,0,0,0,1,0
3954,1,0,0,0,1,0,1,0
3955,1,0,1,0,0,0,1,0
3956,0,0,1,0,1,0,1,1
3957,0,0,1,0,0,0,0,0
3958,0,0,1,0,1,0,0,0
3959,1,1,0,0,1,1,1,1
3960,0,0,1,0,0,1,0,0
3961,0,1,0,0,1,0,0,1
3962,0,0,1,1,1,0,1,1
3963,1,0,1,1,0,0,1,0
3964,0,0,1,0,1,0,0,1
3965,0,0,1,0,0,0,0,0
3966,1,0,0,0,1,1,0,0
3967,0,0,1,0,0,0,0,0
3968,0,0,1,0,0,0,0,0
3969,1,1,1,1,1,1,1,1
3970,0,0,1,0,0,1,0,0
3971,0,0,1,0,0,0,0,0
3972,1,0,1,0,1,1,0,1
3973,1,0,1,0,0,1,1,1
3974,0,0,0,0,1,0,0,0
3975,1,0,0,0,1,1,1,0
3976,1,0,1,0,0,1,0,0
3977,0,0,1,0,0,0,0,0
3978,0,1,1,0,0,0,0,1
3979,1,0,0,0,0,1,0,1
3980,1,0,1,0,0,0,0,0
3981,0,0,0,0,0,1,1,0
3982,0,0,1,0,0,1,0,1
3983,0,0,0,0,0,1,0,0
3984,1,1,1,0,1,1,1,1
3985,0,0,1,0,0,0,0,0
3986,0,0,1,0,0,0,0,0
3987,1,0,0,0,1,0,1,0
3988,1,0,0,0,0,1,0,0
3989,1,0,0,0,0,0,1,1
3990,0,1,1,0,0,0,0,0
3991,1,0,1,0,1,1,1,0
3992,0,0,1,0,1,0,1,0
3993,1,0,1,0,0,0,1,1
3994,1,0,0,0,1,1,1,0
3995,1,0,0,1,0,0,0,0
3996,1,0,0,0,1,1,1,0
3997,1,1,1,1,1,1,1,1
3998,1,0,0,0,0,0,0,0
3999,0,0,1,0,0,0,0,1
4000,1,0,0,0,0,1,1,0
4001,1,0,0,0,0,1,0,0
4002,0,0,1,0,1,0,0,0
4003,1,0,0,0,1,0,1,0
4004,1,0,0,0,1,1,1,0
4005,1,0,0,0,0,0,0,0
4006,1,0,1,0,1,1,0,1
4007,0,0,0,0,0,1,0,0
4008,0,0,0,0,0,0,0,1
4009,1,0,0,0,1,1,1,0
4010,0,0,1,0,0,1,1,1
4011,0,0,1,0,0,0,0,1
4012,1,0,0,0,0,1,0,0
4013,0,0,1,0,0,0,0,0
4014,0,0,1,0,0,0,0,0
4015,0,0,0,0,0,0,1,0
4016,0,0,1,0,0,0,0,0
4017,0,0,1,0,0,0,0,1
4018,0,0,1,0,0,0,0,0
4019,1,0,0,0,0,1,0,0
4020,0,0,0,0,0,1,0,0
4021,1,0,1,0,1,0,1,0
4022,1,0,0,0,0,1,0,0
4023,0,0,0,0,0,1,0,0
4024,0,0,0,0,1,0,1,0
4025,0,0,1,0,0,0,0,0
4026,1,0,0,0,1,0,1,0
4027,0,0,1,1,0,0,0,0
4028,1,0,1,0,1,0,1,0
4029,1,0,0,1,1,0,1,0
4030,1,1,1,0,1,1,0,0
4031,0,0,1,1,0,0,0,0
4032,0,0,1,0,0,0,0,1
4033,0,0,1,0,1,0,0,1
4034,1,0,1,0,0,0,0,1
4035,1,0,0,1,0,1,0,0
4036,0,0,1,0,0,1,0,0
4037,1,0,1,0,1,0,0,0
4038,1,0,0,0,1,1,1,0
4039,1,1,1,1,1,1,1,1
4040,0,0,0,1,1,1,1,0
4041,1,0,0,1,1,0,1,0
4042,1,0,0,0,1,0,1,0
4043,1,0,0,0,1,0,1,1
4044,1,0,0,0,1,1,1,0
4045,1,1,1,1,1,1,1,1
4046,0,0,1,0,0,1,0,0
4047,0,0,1,0,0,0,0,0
4048,0,0,0,0,1,0,1,0
4049,1,1,0,0,1,1,0,0
4050,1,0,0,0,1,1,1,0
4051,1,0,1,1,1,0,0,0
4052,0,0,1,0,0,0,0,1
4053,1,0,1,0,1,1,1,0
4054,1,0,1,0,1,0,0,1
4055,0,0,1,1,0,0,0,0
4056,1,0,0,0,1,1,1,0
4057,0,0,1,0,0,0,0,0
4058,1,0,0,0,1,0,0,0
4059,0,0,0,0,1,1,1,0
4060,0,0,1,0,0,0,0,0
4061,1,0,0,0,1,0,1,0
4062,1,0,1,0,0,1,0,0
4063,0,0,0,0,1,0,1,0
4064,0,0,1,0,0,0,0,0
4065,0,0,0,0,1,0,1,0
4066,1,0,1,0,1,1,0,1
4067,0,0,1,0,0,0,0,1
4068,1,0,0,0,0,1,1,0
4069,0,0,1,0,0,0,0,0
4070,0,0,1,0,1,0,0,0
4071,0,0,1,0,0,0,0,0
4072,1,1,0,0,1,0,1,0
4073,0,0,1,0,0,0,0,0
4074,1,0,1,0,1,0,0,0
4075,1,1,1,1,1,1,1,1
4076,1,0,1,0,1,0,1,0
4077,1,0,0,0,0,0,1,1
4078,1,0,1,0,1,0,0,0
4079,1,0,1,0,1,1,0,1
4080,0,0,1,0,1,0,0,0
4081,1,0,0,0,1,1,1,1
4082,1,0,0,0,1,0,1,0
4083,0,0,0,0,1,0,0,0
4084,1,1,0,0,1,0,1,0
4085,0,0,1,0,0,0,0,0
4086,1,0,1,1,1,0,0,1
4087,0,0,1,1,0,0,0,1
4088,1,0,0,0,1,0,0,0
4089,0,0,1,0,0,0,0,0
4090,0,0,1,0,0,0,0,0
4091,0,0,0,0,0,1,0,0
4092,0,0,1,0,0,0,0,1
4093,0,0,0,0,1,0,1,0
4094,1,1,1,1,1,1,1,1
4095,1,0,1,0,0,1,0,0
4096,1,0,0,0,1,1,1,1
4097,1,1,0,0,1,0,1,0
4098,1,1,0,0,0,0,1,0
4099,0,0,1,0,1,0,0,0
4100,1,0,1,0,0,0,0,0
4101,1,0,0,0,0,0,1,0
4102,1,0,0,0,1,0,1,0
4103,0,0,1,0,0,0,0,0
4104,0,0,1,0,0,0,0,0
4105,0,1,1,1,0,0,0,1
4106,1,0,1,0,0,1,0,0
4107,0,0,0,0,0,1,1,0
4108,1,1,0,0,1,1,1,0
4109,0,0,0,0,0,1,0,1
4110,1,0,1,0,0,1,0,0
4111,1,0,1,0,0,1,0,0
4112,0,0,0,0,0,1,0,0
4113,0,0,1,0,1,1,0,0
4114,0,0,1,1,1,0,1,0
4115,1,1,0,0,0,1,0,0
4116,1,0,0,0,1,1,1,0
4117,1,0,1,0,0,1,0,0
4118,0,1,0,1,0,0,1,0
4119,0,0,1,0,0,0,0,0
4120,0,0,1,0,0,0,0,0
4121,1,0,0,0,1,0,1,0
4122,0,0,0,0,1,0,1,0
4123,0,0,1,0,0,0,0,0
4124,0,0,1,0,0,0,0,1
4125,1,1,1,1,1,1,1,1
4126,1,1,1,0,0,0,1,0
4127,1,1,0,1,1,1,1,1
4128,0,0,1,0,1,0,0,0
4129,1,0,1,0,0,0,0,1
4130,0,0,1,0,0,0,0,0
4131,1,0,0,0,0,1,0,1
4132,0,0,1,0,0,0,0,0
4133,0,0,0,0,1,0,1,0
4134,0,0,1,0,0,0,0,0
4135,1,0,1,0,0,0,0,0
4136,1,0,1,0,1,0,0,0
4137,0,1,0,0,1,0,1,0
4138,0,0,1,0,0,0,1,0
4139,1,0,0,0,0,1,0,0
4140,0,0,1,0,1,0,0,0
4141,1,0,0,0,1,0,1,0
4142,0,0,1,0,1,1,0,1
4143,1,0,1,1,1,1,1,0
4144,0,1,1,1,0,0,0,0
4145,0,0,1,0,0,0,0,0
4146,1,0,1,0,0,0,1,0
4147,1,1,0,0,1,0,1,0
4148,1,0,0,0,1,1,0,0
4149,1,0,1,0,1,0,1,0
4150,1,0,1,0,1,0,1,0
4151,0,0,1,0,1,0,0,0
4152,1,0,1,0,1,1,1,1
4153,0,0,0,0,0,1,1,0
4154,0,0,0,1,1,0,1,0
4155,0,0,1,0,0,1,0,1
4156,0,0,1,0,1,0,0,0
4157,0,0,0,0,0,0,1,0
4158,0,1,1,1,1,0,1,0
4159,0,0,1,0,1,0,0,0
4160,1,1,1,1,1,1,1,1
