,target
3135,1
4655,12 23
22118,2 35
23511,0
45,
19006,
23989,
21464,2 12
20344,20
26679,12
11295,2 12
1007,27
23199,3
23424,
3313,2
24286,1
8744,8 12 27 43
22961,
20140,2
1399,
23708,16 38
20569,2
7730,0
23504,
25792,0
7995,5 30
21646,27
20689,0
21674,12
486,30
20516,2
7861,0 2 36
12323,2
24087,1
3460,
22836,1 2 30
24411,1
351,
10899,1 42
24444,48
1721,0 18
21414,20
20245,2 12 27 30
13221,
10253,0 30
24410,8
17422,27 28
4275,0
18589,18 23
20024,
11393,28
122,28 36
494,
15134,28 29
8177,12
22892,2 30
12678,18
4714,12 28
23945,0
19490,0 30
21056,
6554,28
896,
397,
10630,8 22
7526,12
12017,3
17576,0
22278,2 16
11203,0
22440,
21051,0 12
24053,0
25851,30
276,12
825,
23089,0 2
10608,19
8685,2
2734,28 29
18054,0 27
16946,2 7
23791,0
8908,18
4097,
195,2
25552,1
12744,0 12 15 16
21238,16
22016,29
20751,0 3
1152,
24426,
15438,
24966,12 27
3916,0 2 3
22262,
9607,0
25040,12
7796,
11303,0 3
26133,0 16 30
17603,2 4 5
25826,3
7641,27
14468,12 23
22797,1 8 12
9696,
3943,1
7289,
13338,16 38
25572,18
17073,12
2465,12
8510,12
23707,
24467,48
25749,0 11
23461,27
10147,5
26412,11
27029,42
14720,0 28
6022,2 28
15849,12 28
21813,28
25019,18
14140,12 28
23440,
25115,
20177,20
25964,12
22805,
26298,
13783,1 2
25811,2 11
19758,
16053,
510,
5157,30
24375,
15515,
16221,2
20827,2
22730,
25205,19
15414,
22569,3
23783,
26466,27 28
588,27
21865,23 48
22011,28
21046,0 23 28
26037,27
26181,
10949,2
19369,2 30
21044,
24933,0 11 40
20498,12 18
24647,
22033,
13676,
2045,23 28
18841,
25089,18
11356,0
9116,18
14834,
20595,0 2
20870,18
1055,
4287,3
21681,28
2945,2 27
22489,0 28
8254,
23879,4
21168,1
23441,0
26108,27
25106,28
11376,
5233,0 30
3254,1
7597,28
24812,0 12
26469,11 27
578,3
23716,0
5653,1
23078,2 30
24952,8
23454,
16449,2
18438,
21732,7 11 27
26142,
11482,18
16067,12
24824,0
26001,27
21589,
902,28
19859,18
7002,0
23074,0 3 30
23171,0
16465,3
24548,
26926,
25483,1 12
26393,11
1683,1 2
22460,8 12
26252,27
22354,1
25273,23
1071,2
26811,
26907,7 28
26497,18
6390,
8412,
22670,
10575,0 30
24913,27
17913,2
19134,18
26215,27
3419,
21294,12
20394,
25980,27
21718,27
20422,8 10
19723,1
1064,30 42
15602,27
11690,
9573,5
22224,
4118,
22432,8
22423,16 28
6775,0
8485,
18522,8 23
25482,
12240,
25021,19
23380,
23589,0
520,
4431,1
9032,2
19692,0 28
6670,18
25404,10
23976,2
22627,1
17620,18
23096,
22009,28
11715,27
21196,12
24567,2 12
25197,
2915,0
21890,28
4625,
22825,0 12 30
26566,
24101,0
12793,12 28
21363,
589,2
24805,12
9839,0
21062,12
602,3
25830,2 27 28
26824,16
20656,
17346,12
18191,1
24889,8
21905,20
10744,2
3761,28
23619,0
22400,
21074,29
24818,1 12
26694,12
24323,12
2989,2 10 12 16 18 28 37
21150,12 28
23829,0
23959,0
11734,11 15
7052,36
3120,28
22946,
26530,11
22590,2
4874,0 27
22028,28
23191,
26202,11
4865,16 30 38
14270,12
53,8 9 10 12
1239,27
10957,
21313,12
4279,0
16347,12 27 28
15814,0 2
12797,28
24967,11
24642,
26697,0 10
22720,0
5191,27 30
22641,27
10081,1 12 16
19928,3 30
16351,2 3 28
12619,0
17590,21
775,21
13498,12 43
17722,0
2472,28
8620,18 43
14807,0
16301,30
16607,8 12
17430,0 16 20
21642,12
10159,15 40
22913,
22301,1 2 3 9
17535,0
10951,3 18
7790,
20924,
3690,12
572,
19395,
24194,1 2
21755,19
21005,12 47
24530,
17225,27
23930,2
23143,0 2 3
24020,0
22333,0
25863,3 11
24129,2
14569,12
17488,0 28
3870,12 18
25470,12
10639,
25129,12
3631,1 3
399,38
19923,2 3 16
5998,1
22791,
23690,16
8259,36
20732,
17089,
88,
18925,
13331,
16920,
22596,2 27
19391,1
14387,27
23247,0 30
13725,5 23
11601,2
26519,27
7472,1 18
26611,21
15287,0
21282,12
24046,2 27
8885,0 12 36
25254,16
24942,12 18
3413,
21997,27
6200,
6644,
10707,30
2866,26
22878,
5873,
5626,1
20041,
2510,27
20753,
16796,11
26168,30
593,3 11 14
20784,1 12 28
12237,18
26282,
342,8 28
18738,18
19717,
25208,30
24920,27
24258,1
22103,
24251,
12802,12
23539,1
15964,0 12 30
21340,
25127,0
17286,12 27
26089,28
9650,0
12310,1 35
21511,11 27
2303,12
25493,
9635,2
540,
20410,0
23377,
22327,2
16173,28
1248,0
10191,
23778,2
26928,38
9440,
21387,21
23301,2
26991,30
12219,0 2
23667,1
24266,12
26475,
14437,20
6560,28 29 30
11764,
11827,1
23509,
9914,0
7468,2
21338,
27027,16
20290,28
23251,0
22953,5
26707,
22655,2 11
11297,
21055,12
26997,16
21298,
22589,0
19858,30
22375,1
21186,
21119,12 27 28
19909,
5133,28
25590,12 27
14632,2
21592,20
2649,12
25385,12
26776,
24059,0
13919,0
24745,0 16 28
26346,27
9,1 8
25683,44
25649,
11111,3 30
6261,2 26 42
20488,
26275,0 27
19419,12 28
18469,
8548,12 30 44
6615,27 30
3440,2
18635,10
17594,28
24702,12 27
11854,8
21680,8
25927,0
20948,2
9230,36
19703,0
9659,3 11
24887,8 48
8040,28
12998,
5064,
24504,18
23602,
22570,0
20069,28 44
13011,12
7229,3
20727,
25999,8 27
1689,2 37
2640,12
14785,2 28
20884,
11334,1 14
24917,11
25345,
22152,18 45
25611,
24992,12 28
24537,0 3
6748,3 30
11221,30
21689,19
23942,0
20094,35
20734,16
15156,
17726,16
24909,18 19
12141,0
26753,22
4459,2
26605,1 2
13462,20
20432,1 2
24086,1 36
1251,
16419,
25601,11
18010,30
12520,18
20675,
23762,0
4074,1 2 12 27
24620,8
23203,3
9996,12
20907,
23177,16
14826,
2365,18
5584,16 30
24473,
14575,0 1 3 36
4393,12 18
17199,0
3796,36 45
23670,16
23501,2
18180,12 20
25588,27 28
26636,2
26673,21
17656,
5351,
17125,23
9916,0
18031,11
21941,
19770,
24959,18
6965,2
11629,1
1422,0
23016,
18339,
23197,30
16266,18 28
6827,1
25774,
24462,45
3065,
22584,2
26098,27
23194,
23883,3
23856,0
21582,0
12151,27
26970,8
4094,28 44
763,0 27 35
2263,
4712,
5487,12 27
5593,2 3
3479,8 10 12
9776,1
1813,0
23580,0
9922,18
434,0
4812,3
13005,0 14
24944,
6769,2
17589,12
25160,
18479,
23328,
25852,27
13158,1 2 28 36
9128,1 3
326,0 2 16 30
20969,19
22839,
23386,1 2 44
24559,12
24678,12
5457,2
23845,0 27
23517,0
23215,
23889,1 2
15093,
4376,2 36
11833,19
25384,
26522,1
5585,0
24616,
1418,
18953,
2285,
22200,42
182,
23305,0
16959,1
25930,
10392,0 2
8957,12 28 30
21892,18
22256,12
23354,2
26343,11
20633,
25988,28
24834,12
49,11
24557,12
22833,0
15806,0 2 4
24536,12
23005,27 36
6470,12 18
22216,2 3
26451,27
370,12
20936,3
16517,29
17869,0 16
1407,
25010,12
23732,
11742,15 40
21585,27
437,0 4 30
7864,12
20610,3
22082,18 28
652,0
23176,
21986,18
22036,16
25735,14 27
13550,3 27 28
21925,28
23410,27
15784,0 3
5524,12 23
22344,0
11043,0 30
15442,8 10 28
21185,28
17771,0 2
5076,
21441,16
12231,2 30
22205,18 20
11706,8 10
19293,2 3
4546,0
20643,
426,0
8324,1 12
24837,12 36
24178,2
21016,0 12
23324,16
9385,12
7370,2
19607,
2298,
22794,21
11566,30
21362,19
24436,48
5844,
21214,
17432,30
26893,29
975,
5050,2
24278,1 3
21406,42
23062,0 30
22355,1 28 36
8107,
6038,
21073,2
21444,0 2 12
21170,12 23
20466,0 2
24003,1
15284,2 16
21806,28
21178,
17619,18 23
21200,
14639,12 23
15175,1 2
23818,0
24246,0 36
16883,28
24760,2 48
26855,
2489,12 28
13910,19
18499,19
20285,27 34
24385,38
2535,
493,28
89,12 16
23019,
12258,0
22199,16 36
26079,1 3 40
17893,
14039,
4965,27
24581,12 28
2004,0 36
3107,1
16690,1
592,
26888,8
24875,10 12 19
22269,2
20770,
17471,1
1952,0
20499,8 36
14374,
26666,12
25700,1
23786,0
26066,27 43
16134,1 27
22873,2 27
14477,16
3741,
20898,
8749,
26405,
10839,
24144,1
21947,
23443,0 2
16891,24 26
39,3 8
6483,3 29
16457,0 28
20461,0
16625,18
21438,12
23920,3
12809,
21141,28
26573,
13414,
25390,
25839,
5615,0
24138,
26918,26
12348,
3666,
26711,11 27
26800,
6108,28
15172,
21571,11 27 29
11021,12
20912,12 28
13534,2
12167,12
19760,23
5284,
8719,0 28 30 36
23277,3
25904,0
22647,2
10709,3 16 34
26986,30 36
20979,21
25211,45 48
3223,4
20489,
21661,
20670,20
4838,29
21429,19
22610,
2748,18
26651,28
25794,
284,3
3386,3
10900,
24050,
22358,28
10193,16 36
25972,27
21526,0
10373,18 28
22172,42
4238,12 23
7298,30
22377,1
21373,0
5662,0
24338,1 35
417,
22817,
22161,
22137,10
20016,35
23033,
20367,8 10 12
14842,2 14 15 27
26685,
14646,12
12029,12
22276,0 4 30
23296,
22385,2
20418,0 1
9533,12
23675,
13151,
25246,
23200,
12030,2
26134,
23916,1
5841,27 28
7348,2 28
11133,0
6591,12
21137,12 28
13754,
7980,
2407,12 27
22351,2
1333,0
26945,30
23793,38
14783,29
25582,12 27 28
24999,29
13811,8
21868,28
26751,18
24787,20
9204,2 12
23955,3
17334,16
24091,
4153,20
17556,
213,
24274,
4018,37
26440,
4286,12
23351,2
16017,0 12
16199,0
20529,2 29
11143,
16495,
25710,3 27
24635,12 29
222,2 8 12
24457,
24929,2 12
20738,27 36
2208,1 11
23101,2
6611,27
3378,1 27 28
9107,
10050,0
421,2 3 23 27
20505,0 4
416,2
20862,28
20836,28
18940,30
10210,18
3514,0 1 2
23984,16
20662,28
24747,0
25678,27
22382,1
21667,27
24898,
26492,27
26978,30
25134,
22347,18
20806,28
21519,
26838,
20658,
22568,
401,0 35
25881,27
7428,27
22408,5
23012,30
15277,0
19509,27 30
18981,30
22247,0
2953,3
24404,8 10 27 36
1477,
21078,
23824,
22840,0 2
3277,18
25156,0
11201,1
26689,23
24681,
11797,
23235,16
12164,2
21383,28
26115,2 27
20831,
23198,16 27 28
23957,1
9780,12
569,
1066,12
26572,
8459,
7575,
15638,
731,12
23063,3
24708,1 8
969,28 29
13509,5 30
16551,27
18109,
25018,1 12
24403,18
13065,
15945,
118,5
18704,28
24865,
21096,
6052,2
26291,27 40
23070,8 10
26345,
18859,
24264,18 23 28
3567,2
17262,
27034,12
24052,1 11 27
22634,
21692,
15408,2 30
2316,28
533,1
23782,0
12477,
12586,
23170,
23634,0
3769,27
21594,
18666,
20490,0
12293,16
1249,27
20576,1 36
20631,27
20842,28
23358,2 35
3675,28
26242,
25912,0
25313,12 18
17949,21
24587,12
12275,
9893,
5985,19
22872,1 27
17500,30
23429,
17983,
14237,27 28 30
15788,3
81,
22288,
14143,0 1 16
25668,
26596,
18376,
6845,36
24724,
21035,
5253,12 28
1775,0
24076,
15116,0 30
24712,
14637,0 3
11310,
23059,0
19912,3
2525,0
6907,
6090,10 12
23863,
219,0
25451,12
21275,20
168,0 27
6220,5 28 30
23451,
20756,0 8
14953,0 12
20464,3
24758,28
20481,
16156,1 16 27
2644,0
11466,2
9860,
255,0
22034,
19209,28
25642,1 27 28
26604,18
910,3 28
21006,12
250,8
6720,
21172,12
26713,30
24023,
26804,
20818,2
3442,2
22809,30
4630,16
1126,28
568,
24732,3
25131,8
5450,18
10822,
22630,
18037,3 28
9231,48
2923,5
20774,0
24215,1
22020,28
11941,5
22066,28
21601,
7853,2
26073,
22645,0 3
17848,2 30
1259,
17174,
24523,0
12264,
24563,
12950,2
24273,1 2
22180,29
488,0 12
20136,18 28
20600,0 2 12
18266,
12844,0 30
6833,
1522,
22662,3
3383,27
26420,
25835,18
17866,20
4012,0 1 28 30
26243,
22989,0 30
7875,
335,
5679,18
22261,
24093,1 2
24947,0 30
6825,12
6860,0 3 12 28 30
10823,12
20636,36
21588,28 48
26013,
23242,16
22973,2
12618,
7408,2
21393,27 28
15803,
24707,12
22245,1
23084,16
14845,19
23146,1 3
21297,18
26294,
20546,
27030,3 10
22592,2 12 36
3213,27
183,19
9375,
18916,
22738,3
25108,
26085,
24746,1
1596,36
20216,
6617,2 11
25723,27
25231,12 28
2725,3
21076,12
21525,
23066,1 2 30 37
16278,12 28
16353,14 27
22429,12
16647,16 30
368,
25237,27
14784,0 30
12786,12
14798,20
8572,
18272,
25117,
22651,2 27
19612,27
13721,3 27
13857,12
24051,
23871,2
4913,
26196,11
19181,0 4
21458,
17496,29
4096,22
24112,
18570,35 44
12523,12
5017,
11598,2
11488,
22716,
15014,20
21448,10 12
1270,0
15082,
26980,0 30
5987,12
9810,
24414,
3062,12
2190,0 3
2537,11 28
11738,8 9
22614,15 35
25632,
22757,2
22741,0
13031,1
21224,12 28
25236,20
354,1 12
3792,40
3894,12
24287,5
26985,
7658,27
7669,
25360,42
18260,
12622,26
19736,2
4053,21
14616,2
551,
22732,1 12
12319,0
24225,1 27
21403,1 36
25336,28
21872,2
7611,2 16
25554,27
19308,0
25736,16
23842,0 2
21616,15 27
20679,28
3992,27
22550,16
11508,
22503,8
19053,12
3335,12 23 36
8185,
21638,28
6654,12
22706,3 12 23
22581,3 40
23095,
25046,12
14635,2 30
21147,12 36
15221,12
371,1
5078,2
3022,
20571,0 2
25376,12
16699,
26071,30
21800,28
22783,2 38
23216,0
7391,16 28 36
21111,12
7010,
8802,0 1 3 16 34
19024,27
14900,0 12
15153,12
26939,16 30
16618,0
3321,12 28
22619,1
1286,
7065,
345,0
14596,
9140,0
3602,10
21698,28
4449,2
6895,
23373,
5904,
21687,
21950,
20833,28
24658,8
2988,12 30
3389,2 12
26829,2 30
26463,11 27
19839,12
22653,5 11
26315,
23585,2
26742,8
25558,1 10 16
26322,27
22143,2 8 30
25672,28 29
20311,12
20735,30
22917,0 2
4463,14
20040,28
21964,30
24223,0
25424,12 36
1221,
8916,0 18
21956,28
22254,1
5628,12
22263,0
17087,
10493,1
6732,
19318,7 8
21584,19 21
1425,
25110,
10883,
26803,2
16179,28
23352,3 36
19735,2 28 29
25741,30
25133,8
22132,2 28
12073,
10790,
26077,
13781,12
2860,
8907,11 28
23710,
610,3
12906,
1208,2
25164,
20618,12
13199,
2142,7
9189,2 27
6763,
9568,
17885,0 16
8914,12
26002,27
22899,3 33
18645,
7110,2
420,
24797,0 12 30
9392,
7851,1 16
22671,2 4
22368,0 4
21135,12
394,2
12042,3
22573,0 2 8
26004,27
21789,
23308,
20706,3
8671,14 16
9888,
22452,
12810,2 3
25837,1
24585,12
14500,12 28
4509,0
9624,14 16
20593,2
22803,38
14001,12
7890,12 16
2882,
13613,3
6305,
4664,
26279,
21166,
25849,
12070,
21312,
1193,3
22135,
940,21
23430,2
24910,8 10 12
21590,
18517,
25183,2 12
26159,30
25998,
22337,
25646,2
25151,2 12
24767,21
7883,3
3822,0
24936,
20416,3 16
26326,27
9418,0
22991,
3945,12 27 36
22582,18
25886,1 2 27
11419,2
768,3 8 10
24244,2
19988,
25300,12
6689,3
20361,
21284,36
22553,19
21930,28
24687,
10265,12 27
20981,2 30
439,12 23
8576,12 29 36
23832,2
26607,30
26953,27
16350,2 11 27
20747,2
6172,2
9236,
1268,0 36
6826,12
18648,12
24839,0 12
23042,1
1297,
25977,
20306,2 15 40
4834,
23510,
24663,28
8315,35
17844,1
20730,0
26488,11
15785,12 28
16037,10
13789,15
19807,12 27
12564,12 16
8433,
15212,42
25991,27
19128,
6821,11
15852,0 3
25562,1
20525,1 18 35
6058,
22390,
1836,
13489,
24897,
22456,
22465,0
21372,3
9766,
24048,0
24808,2
23993,36
738,21
20052,28
22207,
24836,10
2410,
16340,2 3
26102,15
26360,
22096,18
22324,8
594,5
17079,12
21054,1 12 28
7719,12
4292,2
26030,14
6262,2 3
22936,22
15069,3 12 16
21759,
19241,27
2346,0 2
20702,8 28
3902,12
25203,5
18478,20
22138,
22890,
22852,3 27
22336,
15106,0 3 28 30
24970,12
1224,0
12427,2
21223,28
23463,
20755,0
26443,27
26410,
22725,1
15853,0 27
616,
22887,0 1
25693,11
20838,
4359,2
17134,21
21049,0 1 2
22543,2 12 36
1362,
8607,21
17774,29
14892,14
24926,20
1919,0 27
24177,1
18605,
396,11 14 15 30
22659,11
13690,30
21631,0 12 16
15091,
24413,
13451,29
282,
5288,0
14949,0 30
22443,3
9381,3
2805,
15866,
18928,
25951,
20342,0 2 30
25170,
25756,3 12 27
20202,2 4
20427,30
7653,8
10106,
25320,8 10
25602,
25768,
24955,19 21
20399,
21253,
26857,
24639,
1548,0 1 36
22891,
24575,12 27 28
24137,1
19604,12 28
26844,8
8165,28
25715,1 28 40
22025,1 27
17503,30
25516,
26881,27
12542,
22897,21
20400,5
4774,2 3
3445,
7035,12 27
7242,0
23788,0 36
17037,
19233,12 42
25506,12
26105,40
8827,12
20985,
5814,12
20484,1 3 29 35
7562,
22774,3 7 28
19576,1 2
17956,16
744,1
24073,0
47,18
24405,10
25373,
24600,
22522,0 28
3467,0 27
19685,2
12307,
21933,20
11166,
5842,1
24531,28
25391,8 10
196,1 12
7223,8 30
22533,
21946,35 48
22048,
13457,
12161,8
23636,0
11778,12
18125,21
20222,27
22664,0 2
24094,
1951,2
24981,12 30 43
10400,
23457,0 2 4
22867,
22826,12
22000,12 28
12221,0
46,
13367,28
12473,
3249,
23876,1
13132,3
18736,
24666,12
26494,26 27
10767,0 2 12 28
173,5 28
20483,4 16
21165,30
15794,1
28,16
21307,28
5565,0
21953,
25679,
410,2
23302,2
6396,30
24803,16 34
13180,
4102,16 27
15900,
21125,28
11243,12 30
20889,2
16085,
4850,
21492,38
4121,
25272,
12440,12 14
23421,
22047,18
13401,18
1891,12
129,0 12
13567,27
21332,11
22519,2
22192,42
11144,30
22551,0
7133,
6025,18
5740,8
12748,1 2
16865,28
13615,
4648,
23046,30
26366,
20455,16
17071,12
17784,
24393,10 30
1905,19
1736,
23397,
26570,
13838,30
26850,0 30
24798,2 3
22266,36
8440,
2553,30
24718,
22703,3
22772,2 28 36
5441,0
17132,16
21763,27
26819,16
331,
19708,1 12
22967,
26150,
11766,12 28
26457,11 27
21580,0 2 12 15 27
157,3 28
19898,
25008,
22458,12 28
22334,2 36
4262,2 28
18146,12 28
5931,48
8149,
27038,
20262,
25295,12 36
6909,0
22488,
16435,16
19298,1 12 36
14036,
23792,1 36
22099,
26865,30
6862,0
14797,2
1043,0
22740,1
19674,
11109,0
13538,19
24100,2
15834,
24294,2
3252,12
26470,1 40
20809,
24651,
423,0 12 28 30 43
21671,18
25146,
21796,
23926,16 30
22229,1 12
24603,
4852,0 2
25722,27
14149,36
9661,18
1464,0 1
14366,1
23133,3
20027,12 23
18313,2 3 27
23757,0 2
26382,
22542,
6419,1
11543,2
23381,4
1472,14
26920,12 28
12980,2
6115,
22600,
15841,3 18
95,4 16 30
21749,3 15 27 40
22920,30
16254,5 30
24750,1
18506,27 29
6549,16
21481,
25713,2 27
24686,
777,
17667,2 12 28
15576,12 27
20849,12 48
23267,19 21
23110,0 42
26936,18
12884,2
5211,26
4294,15
2721,
14823,2
20929,2
7625,30
241,28
7841,12
307,0 2
16164,44
280,12
4004,27
26236,
11055,0
14379,12 28
25950,38
21482,
17578,0 30
23927,1
22560,3
15351,2 27 30
26951,4
18039,
1614,10 12 28
25638,15 27
13017,2 3 8 11
24903,21
26755,18
9815,0 3 15 16 27 30
22875,0
12479,21
21428,18
25409,12
26827,0
5021,16
10640,
4986,
1118,
16687,
7806,11 27
26797,21
19421,2
19126,12 28
26368,40
7722,
23614,
22313,0
2955,
23249,1
16498,0 2
9639,27
26327,27
25111,30
21058,
20745,
22992,3 30
21329,12
7046,20
23847,0
25949,21
25767,15
322,20
23859,
11559,0
18251,12
24024,1
1153,0
21357,
21640,
10416,5
9512,
13827,1
26757,
24314,
2871,0
13200,
18952,
24259,
26798,30
10573,2
21112,
19184,27 28
15971,2 12 43
20975,18
1181,11 15 27 30
23669,38
18796,18
26471,
14396,2
25978,
26165,40
12364,40
15482,9 10 36
23183,5
16820,3 28 36
17423,1
4689,1
22687,3
22144,0
163,2 12 16
22531,2 12
17235,
12901,
8136,18
3012,
15242,1
5712,0
22097,
14650,27
4271,
13015,16
8829,1 2 12 28
6339,23
23765,0
24409,0
21269,0
25268,12
12143,2 21
19441,0 3 28
26656,18
24719,3
4146,1 36
257,1
74,0
6514,30
292,28
13582,12
24617,12
9483,
11567,
6722,0
26036,
26263,
12562,
25936,19
26174,27 30
23915,0 35
16016,2
22983,2
22472,12
20712,28
13083,1 3
17910,3 16
26758,23
4054,19
15161,0
16600,35
686,
6632,19 21
3568,0
15812,18
17315,2
21696,27
19228,12
26650,
2979,11 15 27
25766,27 36
15644,3
3239,0
11306,0
13633,
685,4 12
5857,12
18548,
23922,12
20220,12
20557,16
4261,0 3
5519,2
25154,
12378,
1122,27
24611,12 27 45
21069,0
7882,
14997,
10302,12
25322,1 12 26 30
13814,0
26267,
4824,
1600,20
25071,0 28
5440,2
27013,18
19431,1
4686,4
12153,0 30
26076,27 48
20821,
11622,
21273,
21350,
7105,12
18595,15 30
18687,3 12
7453,23 26
2532,0
25497,12
4,
26581,1 36
21703,11 27
187,0
23892,0 12 16 30
23823,2
22037,
26903,28
18569,28
15246,
5240,0 28
1945,
1500,12
9048,
13252,
25262,10 12
5153,16
10856,8
24859,
25309,18 28
21092,
5008,
3283,2 12
21826,0
13209,0 2
18836,42
24692,12 28 47
17768,8 12
14851,3
16701,1
23155,
12194,28
21140,
25786,
11281,27
25096,12
17758,1 27 30
26910,27
19428,
18556,0
10229,0
24320,
3387,0 3
12546,0
23229,2
19876,27
26273,27
4562,2
16352,0 14 16 30
16846,
21720,27
17936,27
9744,2
8146,
135,35
24662,12
9139,
16145,16
6131,
24823,0 3
22534,
20240,0
5566,
12489,12
4403,8
25519,12
13382,27
24299,2
24883,1
541,12
2540,2
26579,42
15400,
20501,0 2
3183,
11386,0
24703,12
13326,23 26 28 37
26067,27
24167,1 36
21277,28
10617,21 27
26889,37
12805,18
16496,
12584,28 35
23687,
24308,0 2 16
26593,27
15795,0 2
320,
25687,11 28
25563,20 29
14278,0 12 23
26482,27
19056,8 12
22869,27 36
21898,28
26106,1
14420,2 4
19537,3 27
6268,
12814,2 16
11219,14
16560,30 36
16426,11 15
1089,3
11589,20
13148,
3244,
10137,0 12
18623,
20086,28 36
22454,2 38
5999,
21198,
17127,30
20973,
1220,
14864,2
22767,2 4 5 36
24964,1 12
20819,8 12
21792,
26173,27 40
23186,1
22055,18
6343,
21034,0 3 12 30
5500,21
23126,2 4
24334,2
9074,
18773,1 3
2123,
21322,12 16
14335,12 27
23029,16
14633,2
9651,11
25570,28
5793,
15281,0
1146,19
12637,27
15622,0
25386,
21529,
9983,43
24030,1
4250,21
24346,16
17675,18
22272,
14267,16
23553,
6130,
356,28
19474,0 3
973,0
6376,
20919,3 12 28
23899,0
7913,1 27
14148,28
25311,
10186,1
21460,12 28
15699,0
27000,
20504,
7674,
19569,
25537,20
23682,0
2014,
8503,35
26512,11 15
5954,27
26623,0
353,0
84,1 12
2625,
26750,
16510,
26752,18 20
120,
1378,8
19140,
21211,
23550,
15449,
24781,18
316,3
5391,
22909,0
19104,
17341,
25948,2 12
25571,27 30 40
7997,
20542,12
23415,2
21527,
16257,12
24908,12 28
13117,
20718,0 28 30
18486,15
23631,0
21327,12 28
22153,
18552,0 30 37
26714,
13883,16
26902,3
10395,2 30
25858,15 27
21391,28
22948,
24932,
8951,0
26233,
24182,3
9243,11
10816,3
21660,
15137,1 11
26700,12 28
6512,
16597,
3759,11 16 30
15109,2 12
644,8 23
26038,1 30
26033,
22413,
17777,0 27 30
25809,2
26046,11
22895,
25138,0 1
26276,27
25579,
23515,
24212,0 2
57,3
7111,2
6149,0 12
22556,1 16
21102,
607,10 12
14369,12 28 29
23641,0 2
61,
4243,0 2
16580,28 39
1847,12 23 36
14901,27 28 30
22080,18
22140,3 16
5330,4 16
10451,16
24497,12
7884,18
17491,1 28
26900,0 27 30
9969,2
21924,27
5214,5
24542,19
23446,0
22019,28
24260,
26912,35
17273,15
18400,0
20882,28
21815,
18730,1
21538,28
17390,12
7576,1 2 12
4760,
12948,11
8491,28
4024,12 15 36 47
8562,
20537,4
25417,12
24991,
14613,3
8289,
17275,2
12299,
20887,2
4513,16 30 40
23700,3
26999,0
13212,30
4580,1 2
550,
25155,2 12 23
24483,26
21847,
19463,20
21020,
1971,4
26231,27
22905,
22668,1
24598,12 28 30
21854,20
19932,18
6693,
25581,27
26973,7 28
25053,29
11740,0 2
24445,
20517,21
26825,21
15492,
20796,0
21300,
16318,28 48
22426,
54,28
17916,27
23958,2
26746,18
6412,0 1 2 28
25622,11 27 40
21899,0
25813,27
25475,12
1414,
23362,
26731,
26947,
30,0
25920,1 2
21337,27
22280,30
2814,0
153,10 27 48
26941,7 38
14211,16
3109,
10778,28
14314,
25195,10 12
22058,18
21741,
24253,8 10 43
22307,0
6974,8 10
6435,
26311,
24305,5
24069,
1914,
11837,12 28
20384,
25806,0 1 2
25422,1 8 12 23
20541,
22956,0 2 8
23406,38
17838,1
14638,12
6279,
26472,27
21955,3 30
21132,28
20599,
15377,8 12 27 29
24358,
18914,
25952,20
9608,8 12 28
18316,18
25079,12
14593,3
21292,28
22024,
8514,18
1835,0
25697,3
22713,
21831,2 11
1180,2 3 16
25296,23
10406,1 2
690,27 30
17669,27
23977,1
79,
24327,5
20759,1 28
8357,0
6804,
12842,
600,2
23897,
25312,12
23246,0
16075,8
2432,18
12790,12 16 30
3905,4
10880,5 16
25525,
6768,0
21199,12
25049,12
504,18
26386,
16008,
11507,
21045,12 21
23115,2
23237,35 38
23045,2 30
15304,
23541,3
19230,0
10408,0
2850,8 12
26145,27
23593,
22649,0 15
1405,28
20360,
424,27
18294,30
26968,
21103,48
24892,8
289,
12225,1 27
25173,16
22056,28
26648,23 28
3018,1 30
25014,12
707,8 30
25518,12 23 28
24434,
21421,0
22257,1
9427,
20693,16 30
23772,0 18
24236,1 8
20550,1 35
4475,0
17632,1
19635,12
35,1 10
27016,18
26992,12
27002,
25974,15
24688,12 28
26787,
1670,0 3 30
17833,0 2 28 30
18389,0 12 15
23274,
25276,12
26565,
10743,27 29 30
19238,
24174,
23599,0
22189,
17201,
22699,
16777,27
8784,0 12
19292,0 2
2137,
20933,
21662,
15030,27 40
24980,
23717,
7226,8
26710,3
15535,28
9770,2
11915,27 30
21999,28 29
673,2 36
11520,1 27
22277,0
34,12 28
26111,
11840,
20462,
20724,2
21643,28
24759,12
23240,1
16707,18
21737,12 27 28
17769,0 11
16185,28
17608,16
25397,12 18
27039,
21473,
17355,
23724,0
13318,21
4138,2
12902,0
20396,
21352,
11160,3
10740,
9382,12 28
23805,0
20878,
8299,19
22217,
17695,0
25617,12 23 40
25148,16
24176,1
12337,8 12
17953,
2768,19
10779,0
5219,0 30
20808,
25986,15
21918,12 28
5665,
18488,14 19
26583,18
23434,0
23058,
25614,27 29
22626,19
19911,28 48
18638,16
13853,0
25705,15
16898,2
17335,16 27
415,28 36
19919,11
24752,12
14392,12
20886,11
13764,0
352,0
13292,27
17102,
20949,
1119,1 2 12 36
13609,0
23034,16
20560,18
1837,12
9221,
662,20
25094,
21688,21
21840,3 28
21613,21
14294,12 16 28
10857,3
1213,
15373,23 37
21032,30
2331,2
16175,30
20477,
20697,0 2
15845,3 30
18542,2
7976,
23693,0
12274,
25538,27
23816,1
22484,1
23719,0
9900,0 35
25446,12
6386,16 28
13809,16 30
6281,
22860,2 36
11418,16
17254,
13714,0 30
14525,3
19804,11
17314,0 28
24055,0
17120,23
14624,0
5411,2
23071,1
15693,1 16
2867,16
25942,36
14252,0
8028,
5791,
812,19 21
18600,12
17511,2
17,2
7783,
23050,0 30
8048,
25248,10 20
22964,2
23608,2
16904,12 27 28
24106,1
19775,
21217,42 45
25406,12
26374,
26759,
3691,0
1941,1 8
25656,12 27
1335,12
26063,
20925,
10180,28
1012,
10130,3 28
19418,2
22820,30 34
21501,
20467,0 2
10380,
3494,1 2 30
8101,18 27 28
22107,
25990,
10975,
25717,0 43
26526,
11626,1
22866,
23827,1
6629,12
9870,48
1786,
26514,
548,18
13175,
26993,0 12 30
2881,12 23 28
23776,
735,1 12
11521,1 16 27
7352,8 10
23951,
21081,
23065,0
26834,0
25867,12 22
21533,
4332,2 27
23558,
15022,16
13622,27
22294,0
6828,0
24736,12 28
15174,20
10958,15 16 27 28
14089,27
5601,2
23970,8 10
14994,
11254,1
9246,28 30
23742,1 2 28
23980,1
23828,3 28
4123,0
7372,0 26 27
24036,2
2622,1 2 28 30
12663,0 26 30
18918,12 16
3380,28
404,1 36
25695,14 27 28
25283,12
9681,1 2 35
22978,2
26072,12
15332,
25512,
20034,
15883,12
17336,12
2212,18
26045,11
11181,
25086,
15164,3
17782,21
11039,16
24449,45 48
26849,
9740,16 18
26051,27
16342,27
24424,27
15029,0 30
25594,3
23865,0
15275,12 16
22861,30 37
14385,12 23
16280,
15744,11 27
6084,
20258,28
23702,2 43
17809,
3500,2 3
21470,
21700,
82,0
17931,18
143,23 28
12565,12 40
6606,
23576,2
1872,2 16
14627,2 8 12
26777,
20413,0 18
24699,
20777,0
24353,3
585,12 27
23872,
3790,12 23
26500,11
26126,
21465,12
23387,0
20102,3 27 28 29
19220,2
23741,3 16
24622,12
15781,
25212,16 43
26218,
13799,28
25608,40
21866,
25805,21
6970,12
2888,0
26288,27 40
24499,12
18063,
7900,0
26723,3
24529,12
22435,
26592,23
25438,12
18806,
23900,
22968,0 2
6692,3 27
17387,12
19940,0 27
21958,
19540,8 16 30
22376,
23744,
2642,12
19871,
12279,3 27
7341,12
22530,4
295,1 12 23
22945,0
12700,12
3225,
25857,11 29
908,1
20764,2 16
22221,
11400,29
26644,8 28 36
15584,2
2369,0
5971,
21539,
13562,
25153,
18431,
21637,28
8418,
7503,2 27
26613,28 30
25030,12 28
21237,
15892,12
10347,27
26080,14
1182,
16935,11
107,12
21598,28
21442,28
17310,0 28
25762,27
23570,2
26152,
19435,
11361,0
26743,18
21543,11 27
466,0
7322,0
24496,
14528,12 27
26767,1 3
425,1 30
3084,26
6359,
4520,0
25048,
25353,1 10
18176,39
15653,0 3
419,
23803,
1820,40
26569,28
24697,12 21
24470,
5694,12
25429,
21635,12 27
7528,14
317,0
7354,28
6175,
22466,2
22214,
20728,28
20858,12
21945,
21817,
24088,
19581,2 30
7662,1 16 28
8686,
24983,19
24520,
6474,12
26701,
9632,12
3418,
8932,19
21318,
25773,0
22857,2
8680,28
26619,
16605,30
24744,1 3
23775,
24335,0
18567,
25432,12 42
11292,
26024,
26586,
22105,18
24558,19
21233,36
18259,5 28
24541,0
13997,0 2
26006,3 11 15 27
454,
405,
17773,2 4
15389,0
19661,2
19353,2
13728,18
1866,12 28
25535,12
21794,28
256,29
7200,0
591,2
24433,
566,
18562,0
15128,
22714,1
21113,
18729,10
24524,1 12
13749,
18965,28
24764,10
4905,
17977,0 12
25342,
3270,
23036,5
13164,
20853,39
16386,16 28
8716,2
22601,
11899,18
9528,
7271,0
13953,
23450,
23605,0
20825,
7959,
22342,5
22176,42
25468,28
209,2 40
10252,0
26537,11
25413,12
11434,0 2 3
18156,27
8421,
15755,
23432,2
189,0
24846,8 12
5264,15
18550,28
21977,20
23680,2
12158,12 28
10710,12 14
26028,11
25541,12
23898,
2352,0 2 16 30
23292,0
584,
3262,
12213,
25410,12
24906,
13666,
16532,12
86,
3396,0
9828,12
19849,2
21530,21
23929,2 3
23933,12
23506,
25326,12 18
24730,0 12
21152,
4191,2 16
25210,0
4387,2
25178,12
24466,18
26801,0 2 30
3405,2 12
20899,2 4
23027,
12482,
12068,
233,12 15 27
25333,0
22208,
25494,12
24389,
4067,16
11309,2 28
13543,45
23306,0
26884,
25808,
470,0
21095,0 28
21550,3
41,
18305,16
15142,24 26
25776,3 27
24367,
20324,1 2 12
1663,11
26253,27
25026,12
19725,18
24565,12 28
6711,1 2
6944,
20866,12 28
10189,2 3
25844,1 12 28
8801,
17892,12
387,
11980,4 5
7777,
22903,0
12114,
19491,
20736,3 30
25895,0
22112,28
15441,1 2 12
515,0 2 30
25926,12
23314,3
26136,27
26802,
21218,0 12
9516,29
24741,
8735,2 4
22591,
21400,28
20553,0 1 2
25315,12
20623,28
4365,19
1363,2 30
11367,
9345,2
25643,
17299,1
23111,27
2806,1 12
26262,
24124,0 16
24465,23
22683,20
26239,
14302,2 27 28
21123,
21296,
22174,26 37
7346,12 28
17751,
467,
11526,21
4445,0 3 28
1846,1 27
2616,0 5
12640,3 30
17611,19
21558,0 1
5332,12
22837,0 2
9764,23 28
641,
23830,0
22321,18
26896,26 30
15268,48
5550,0 4
22552,3 27
232,
23341,0
8722,
22494,0 2 11
20289,
19005,12
23391,
13756,4 5
16857,16
1745,18
21234,12
9793,1
23825,2
21510,
8226,28
23508,
3599,2 12
24131,3
25087,
218,0 1 2
2283,28
8277,2
27031,28
25388,21
7610,35
22106,28
12968,30
22932,30
16513,0
18776,12
21348,11
24250,
10976,
8266,0
160,19
26180,11
3725,
20581,
26856,
13898,12 28
23615,0
22735,20
19470,
2993,
5888,12
5024,8
4310,10 12 23
25783,2 4 27
14847,2 12 23 28
8500,3
20583,0 12
21618,11 27
4635,
4882,
24829,12
21943,2
21136,12
199,1 28
17389,28
21355,
10281,2
23546,14 16
18900,2 37
18085,
21419,0
22643,0 36
25778,18
23099,
13682,18
5995,21
21604,
22425,0
21310,
13038,0
22877,
25457,12
2084,19
8158,1
26473,27
5464,20
22734,
986,
24679,
336,1 28
27025,30
25455,12
25251,0 28 30
22090,
1461,
13263,12
21599,30
24156,0
12660,30
23887,1 27
23340,
24790,0 16
5590,12 27
13860,2
21422,28
15829,12 28
697,18 45
21346,
9623,0 1
2647,36
672,3 30
3253,18 20
4327,11 27
23164,42
22636,16
8370,0 12 35
8388,0
23470,4 29
25056,28 36
14007,0
21975,
23802,
26872,
2855,0
22603,
23935,2
25009,10 12
25817,27
23315,0
5378,2 3
20564,0
14707,
877,18
16595,28 30
309,
26981,
2634,0 28
3,37
26428,27
23172,
24027,0
20824,
528,3
10598,1
733,27
13319,12
21776,27
21001,
8410,
377,
24756,18
22366,2 28
16549,
22040,
19169,27
25192,8 27
4780,18 28
14661,4 16
25618,27
12675,1 14 16
25583,27 28
24550,12
4584,16
2942,2 10
13255,3 12
26547,23
21497,
21052,3
1358,0
2567,28
3126,2
7166,28
24210,16
23812,3
23389,0 2
20867,28
21801,21
14611,10 12 27
22694,
5227,
13198,
8699,
25085,1 2
8227,12 42
23100,3
24197,
21556,0
24538,21
21380,11 15
2332,
20765,28
23445,0
23136,1
18793,12 23
24953,20
15780,12 45
8229,
22310,2
21249,8 12
25263,
22249,
3644,30
26873,
24561,2 12
12374,11
25266,
274,12
19234,
15548,12
21106,8
26669,
22984,
9557,0
10595,
11753,
378,
1975,18
24188,19
5379,
7700,0 3
22952,
21963,18 28
23604,0
20405,0 1 2
16612,1 45
1491,
26094,11 30
7150,35
22935,0 16
26121,27
22577,12 16
18838,
70,
24083,2 8
11674,21
11914,
11659,8
13537,1 2
24877,28
10307,0 1 2
606,11 14 27 30
18531,
12144,2
8976,3
11009,3
24738,28
700,16 30 40
2491,18
413,12
10378,35
8542,
2353,
20624,28
1299,38
17919,0 30
7807,2
26763,
8619,
1834,
22676,27 35
12652,0
23995,2
10026,1 12 27
6713,2
6221,5 11
24919,12
834,0
12905,2 8
23781,0 2
24031,
17654,0
16215,0 2
12644,10
678,
25577,3 12 28
25575,12
23751,0
21212,
22681,12
23469,2
17601,1
4975,
20554,4
25015,12
26840,2
23022,
3474,28
9168,3
2786,30
24646,12
26020,
6366,2
12774,35
25833,16
23545,
6721,
7499,1
22623,8 10
8525,10
25625,
18178,12
20456,5
20797,5
21909,28
8099,27
12177,0 1
26785,1 2 3
3860,0
21961,30
25039,12
719,2
21426,
20097,12 36
25204,12
25104,
11823,0
3645,2 14
24104,
16881,1 2 18
24026,1
20881,18
21989,
1898,16
19888,0 2
17618,12
11953,5
14177,28
18030,
25458,12
24387,30 48
21583,
20773,16
23163,0 30
9021,
14014,
25619,27
22715,37
15692,12 28
14897,1 11 27
24924,
8530,12
26487,12
23456,
24041,2 3
481,28
10596,2 12 28
26540,27
22517,
25074,0 26 35
21838,0 30
21309,28
1069,
25348,12
23647,2 3
715,8
25726,
26378,
21197,8 12 28
12985,
21509,
19554,3 12 28
24734,0 12
15339,
483,
6675,27 30
15445,
22563,10 16
13437,2
680,0 3
20904,0
8159,0
18845,30
176,1
16482,0 30
24668,28
24494,48
3357,5 16
8055,0
2817,14 30
25168,0 12
14738,
19442,15
26241,27
21939,28
7602,2
9827,
14082,0 3
609,0 14
26724,
3049,18
24306,2
21549,18
6363,
9430,
22572,0 2
18076,28
204,18 27 28
16598,
12962,12 28
22240,
22491,
17426,30
6097,30
21575,1 12 28
17424,0 12 30
1947,
21859,12
24762,
27006,
4820,1 2
1232,
9853,
22069,
25078,12 28
25565,1 27
26318,27
314,19 21
12989,
8662,28 38
20117,0
21226,12
26987,
16641,27
22126,28
15205,
7695,12 28
17454,14 27 43
26863,2
9388,0 2
24828,1 2 12
23472,
21860,0 42
12009,27
24371,8 28
20719,1 35
15432,18
21395,0 2 15 30
10556,3
25707,
24292,3
21379,
25595,12 28
1426,0 2
14339,2
26933,2 30
21089,
391,2
24392,0 30
13243,12 18
15409,0 23
26010,18
22689,3
7149,12 27
26123,27
16246,0
23121,2
7817,15
18633,2
418,2 3
24968,12
15660,14 48
10884,
18086,
19326,0
7920,0 28
787,12 27
26331,27
8355,8
11080,2 28 36
13142,
1998,40
18753,2 8 10 12
22271,
26456,27
2246,12
18805,2 27
22996,30
21339,
11763,0
22815,1 30
24451,48
2812,
25610,27
15894,12
24045,3
26899,11
16045,12
22657,2 3
23069,2 35
105,
4540,20
10472,1 30
26984,
14324,18
4748,2
18879,18
24606,20
25181,12
25042,
14496,
22831,3
10043,12
26793,
5261,2 12
17031,0 2
4465,0
9386,19
689,
2623,10 12 28 43
20142,0
2776,16 27
7201,2 37
2241,27 28
24706,
9978,0
22428,48
25510,
2750,2
5501,
27012,27
22187,
3654,23 28
26255,
25734,11 30
9506,
26402,27
18749,2 3
24193,2 44
1116,38
21133,23 28
6865,28
17011,
5403,18
26237,
19317,12
6141,
21452,0 16
22021,28
1174,5
10865,28
22222,14
15086,0 2 30
15573,
26965,30
492,
19920,0
20671,28
11175,
12232,36 38
1070,8 10
20807,0 28
25073,18 28
26629,0
16403,12
2267,
19695,
12273,0
51,0 12
24717,
23419,30
22380,2
25257,12
23867,0
8747,0 2
24714,12
25379,
26546,2 12 16
24795,12
3516,28
11534,
7600,
212,0 2 30
18551,2 12
21167,12
15908,3
23130,16
16840,
10183,1
21614,
293,5 7
12100,
59,12
6254,2
7537,
23024,
11189,22
506,28
24171,
4515,
21846,1 2
21251,28
25362,12
21193,
10377,3
8535,39
7447,16 38
26240,11
23560,12 27
20445,1
24453,26
10053,
1990,15
24939,12 16
14741,2
14891,2
6103,1 2
24172,3
677,1 28
2005,27
12397,
24786,3
6982,28
22555,0
23837,0
19309,23
17316,0
21960,7
5312,0 21 27 30
25234,
11576,0
21468,0 27 28 30
22071,27 28
26184,10 27
1343,2 3 11
3928,0
21368,
25387,19
9393,
21002,28 30
7240,30
23937,
25445,
349,
13313,2
18846,2
23080,
10256,5 48
16359,12
23230,27
18002,20
73,
12900,
7732,
25194,8 10
16709,2
23002,0
24127,28
12937,3
24971,
3353,1
14623,2 30
14684,11
9560,
14985,12
6599,0 8 12
26954,
23276,0 2
20295,16 30
4610,12 27
1040,
22147,2
11958,0 16 30
7330,27
19215,
22999,3 30
15544,44
17137,
14728,2
25242,8
6524,12
25434,19
3038,12
26662,
13480,28 30
21861,18
22444,0 27
25731,1
21919,28
12709,
26478,
9338,21
10340,1 28
6230,0 27 29
23153,
7433,30
26972,2
10931,0
25166,10
15451,12 36
11789,0 35
19457,1 30
11805,12
11524,0 2 8 27 30
18656,2 11
9734,2
24608,
26222,
22306,
25585,27
24938,0 2
12054,19
18540,
6864,
26676,1 12 36
24653,12 36
18454,15 16
12186,
6083,15
6186,
16418,
1375,1 2 12 27 29
23090,
1882,8
26208,3
16535,44
26058,27 36
21962,28 37
3317,1
614,1
11655,2
23578,26 29
2089,18
23921,
23485,2 3
12157,22
10833,0 30
5691,28
25921,0
8252,16
22441,3
1741,0 2 28
22434,38
7195,0 27
10644,18
21023,14
7710,28 36
12509,11
23060,0 3
6581,27
4846,10 27
7847,12 36 43
13116,18
8129,3 12
22940,30
15538,20
9405,
2100,12 18
25050,16
13393,
5483,30
16349,0 28
20458,2
23743,
22802,
2386,
5758,15
6040,
12672,
19782,
9603,30
2696,2
15306,0 2 37
17139,18
16545,21
5093,30
21263,4
23924,0
26337,2 27
25711,27
22727,0
23161,0 1 30
21407,15
26496,15
25943,0 2 12 36
26296,27
3700,2
7539,3
15364,2
24419,
24525,18
23651,
15637,28
25378,12
20585,2
13052,
23885,0
18187,23 28
26633,
25748,
26810,
4127,27
11613,
24418,18 45
10361,27
25356,
25753,1
26390,27
19522,
1100,8
17353,
14742,20
22906,
18252,
15185,18 19
22954,
21668,0 12 28
23795,0
24103,0
24220,
26397,
13381,0
12871,18
24960,12
23912,1
14542,38
21621,0 35
24680,28
22547,
1964,20
24189,
20632,
22398,1
21620,
2701,40
14048,12
20710,18
7891,0 1 2 10
25314,22 23
22496,12
25533,12 27
21528,
23222,2 35
10802,2 28
14540,8 12
19067,12 28
24110,2
412,12
7256,
22845,
22763,28
15454,
24136,
18154,
26869,1
24166,5
18724,
7637,2
10070,5
400,
23375,0 18
19860,5
20629,2 42
200,19
27019,
5072,0 16
20782,3
24659,12
154,27
463,18
21279,12
26392,
26422,
23703,2
2523,
19012,0
22512,0 23
19136,
25419,18
19622,28
6342,2
9082,0 37
25780,0 1 15
5359,1 2 3 28
26567,20 23
4556,27
24388,8
26911,
19324,28 45
23217,2
16839,
24928,12
12610,18
18408,0 2
6561,16
26698,
2952,
8978,
4742,21
10788,16
17375,
19130,16
21409,
14495,
5190,12 16
20492,
9763,0
1774,19
11603,2
6266,27
21994,
702,
21118,12 28
16181,1
15799,
10194,
97,27
14554,
5823,
22847,28
24715,
8597,0 7 30
20794,19
23642,2
20408,
16389,30
23722,0
25966,
9523,
26234,
13385,19 21
5932,0
26536,18
24661,12
422,1
24935,0
4778,12 16 43
8925,0
24429,8 10
18988,1 2
2685,
8160,
24185,1
21915,
26734,0
21532,
9159,28
7560,0
26647,8 26
24229,1 2
23712,
2572,0 12 27
1779,16 28
22045,
26355,1
24777,
25626,27
628,12
2380,27
26261,
26481,15 27
12687,23
22203,
2852,0
25013,
18091,0
24802,
21493,
25054,8 12 28
10593,0
22233,10
21825,
24484,
24569,
16849,8
15581,27 28
23174,16
22166,
22526,1 30 31
3873,1
24733,12 28
19384,0 1
2239,
6157,
20475,2
23444,0
27011,2
75,27
22963,3
18967,
25125,0
20243,0
2901,11
17166,3
6012,12
23223,4
26568,28 29
5388,0
24840,0
23119,30 37
21367,27 30
9610,12 16
21878,28 29
24479,
4845,
8982,1
5737,30
24685,8 12
20225,28
167,
6758,
3390,1 8
522,0
23435,1
22778,2
334,1
3561,
16485,12 28
9266,3
22265,3
26729,
21971,28
13664,21
22587,0
22971,
23227,2 30
7740,0 1
26249,27
26223,
26265,
3170,16
17363,28
21286,28
10270,
25868,11
583,
1924,10
22493,1
19584,8 12
22702,0
25630,27
23405,0
24092,
15129,3
433,1
653,16 36 38
26418,
26957,2 36
18141,0
10568,2 4
21757,27
26356,11
2381,30
17109,
21931,30
330,2 3 30
21710,1 27 30
2373,0 2
2256,
9229,20
18901,12 29
18461,12
9712,
19738,1 2
16736,28
21593,11 27
6709,16
9584,2 12 27
5243,18
24066,1
22858,0
5893,27
5239,16
17797,1
22052,28 36
21769,
25189,16
4322,0
21210,
7631,1 11 27 36
21024,
24121,1
26425,15 40
23616,1
8458,28
25522,
237,21
6371,
7076,0 35
3391,1
24355,2
26284,27
5848,
13535,20
9118,
2648,
12765,20
21110,
26389,
17296,1
26744,
22776,0
23618,0 16
611,27
21028,28
24128,3
11223,12 27
26658,
22283,3
21650,12
11453,0
9146,28
19851,28
26185,1 27
21683,28
26783,42
18850,
23628,27
2823,
23097,30
19468,12 23
9016,
19406,
20733,28
18614,12 30 42
16758,1
2793,0 30
26961,
19527,0
21134,23 28
21540,
21342,0
14582,
25034,12 16
20815,2
675,
4888,
7190,12
13391,
7501,0
24958,38
20079,0
19893,27
20463,1 36
23468,3
18535,
3179,12
4526,18
24376,12
17927,5
19013,2 3 28
13691,30
8868,2 11 30
15391,28
15357,
25566,0 27
23437,38
23779,35
17434,1 3
1114,1
24847,8 10
8650,18
10299,27
20958,
2322,2 12
26529,
576,
24443,0 3
22980,2 3
21690,0 28
16147,
19867,0 27 30
22422,19
24895,
11597,12 26
6878,12
9009,0
23729,
23606,2
23987,
5765,31
23695,3 11
20931,0
15946,
10751,
20565,0
21323,
11745,16 30
6605,
20786,
20869,12
10127,
16996,18
6389,18
11592,
25712,8
26555,12
17712,
18131,19
20358,12 18 28
20524,
23037,0 2 4
3735,
16906,2 12
20723,0
4413,19
2007,
2115,12
23736,0
25224,12 30
5209,2
24771,0 1 3 12
2729,2 12
8427,
23474,
25193,12
11937,0 2 30
21819,30
15326,0
15467,28
25161,1 12
24012,2 36
20874,18
23370,
25507,12
8178,0
10057,12 18
22793,
23355,
8970,
20433,2
23972,33
4065,12
2254,42
5599,27
647,12 27 28
21285,3
20634,
13713,28
582,12 28
25480,1 12 27 28
8282,44
7938,0 18
25504,12
19970,
21664,10
21750,2 27
15337,
6892,
19682,
19817,3 23
21191,
22760,3
26541,11 27
16283,16 27
304,
18495,
23851,
14307,0
6673,
11825,28
25970,
11328,12
20028,12 28
411,1
26357,1 11
10651,
8869,18
23272,2
22862,4 11
21462,8 14
10882,
6433,27
8889,
21949,28 30
2693,11 15 28 36
2512,
24488,30
4174,27
4499,12
11927,
14772,2 5 10
16007,0 2
1017,12
7238,0
10345,2
4511,28
17572,8 10
9075,
19232,0 3 30
21708,28 37
964,28
13345,
23815,0
21451,19
20397,1
17431,0 8 10
7104,2
19910,
4043,18
25660,27
21431,
10364,21
10320,
25496,28
21676,29
844,28
23225,
5862,12
25299,12
20657,14 18
10182,1
24729,0
20685,28
25081,12
1524,2
5161,12
17724,12
22124,
25669,1 27
11410,5 27 30
23138,2 27
23595,2
20696,
5448,5
22707,3 18
26930,
23054,12 30
5770,
22077,28
25472,18
22136,18
3629,14
22270,0 2 28
10226,2 4 16
19455,2
22579,12
9434,28
19626,27
23590,
24248,2
21139,12 23 28 36
10681,
18172,
16500,27 28
24691,20
8258,0 28
26437,15 27
710,
24332,0
24487,
25915,
21922,28 36
25240,29
22393,
9798,
24751,0 12
25692,
25481,12
205,
14998,
24090,3 18
23072,
7934,
13598,12
22609,11 27 29
19265,1
8755,5 12
9052,
6286,2
21461,30
22369,
23715,0
25968,
24275,
22363,18
24791,0
3364,0 27
10208,12 27 28
23414,0 2 30
26054,11 15 29
9791,
18155,
25145,16 28
17681,16
14230,
19448,2 3
26061,11 27
11336,2
10964,2
21183,23 28
26101,
23639,
24351,0 1
22916,16
24350,
21189,
25875,11 27
21858,28
22513,0
21427,12
25229,
1370,0 1 2
26683,26
25918,
24122,2
5446,
25874,11
20096,2
26335,11 27
14343,16 30
21330,12
3989,8 27
20348,0
10627,28 36
25810,2
10329,
17222,0
4524,2
4124,
516,10
23974,
25144,27
26119,2 40
2673,15 35
11270,2
12722,27
23538,
9711,
24133,
24514,0
21856,
18875,
6042,
21098,
20992,0
21921,18
14970,
20957,0 10
15952,0
25674,36
11816,
13346,14 27
617,
26084,
20982,0 35
10032,27
24340,
22884,0 23
22251,0
19257,18
4833,3
22617,1 2
24011,0 1
13951,8 40
18402,
7273,
23051,
9956,16
16497,36
25149,0 27
12603,22
16566,0 12
25795,
7870,
9401,8
8065,24 26 37
6515,1
803,19
17428,3
7281,38
16420,
15115,2
23584,1 35
17124,0
22654,14 16
7177,
484,19
11327,
5755,8
20683,8 10 29
10614,
21059,28
169,2
25275,10
1080,
12882,11 12
15595,12 43
6702,2
26983,27 35
22969,8 27 30 31
20991,
24267,14
8044,3 12
21201,12
23488,0 4
23807,2
22332,
26380,
6285,28
21709,11
20789,3 42
24373,38
25681,
2886,
19475,1 2 11 27
2620,35
22495,
13790,2
23797,2
23975,1
8097,
22078,28
20535,
14352,2
17092,12 27
11974,2 4 30
7015,2 4
25119,
24291,
21374,0 2 27
22412,48
22500,0
24430,
20641,28
16410,0 2 30
9178,1
23998,
6365,0
26674,12
12314,10
21639,0 22
17354,12 23
25292,12 23
24417,3 45
15703,
20502,3
23213,0 30
2487,
21993,
2658,
23165,2
26878,
14762,18
681,2 3
10360,2
23127,30
7887,
21928,
4489,0 30
26774,
1432,2
22701,20
25097,26
11686,2
27037,18
23737,
21739,28
25159,12
21155,27 28
25158,0 2 12
8080,5
1576,27
25931,
14261,
22487,0 12 30
8463,2
26369,27
20135,0 4 28
17417,
24621,12
25383,
10929,0 4 30
15006,16
17319,5
22480,0 18
23557,
9101,1
12749,16
1013,
26149,11 30
20917,0 28
9315,
26415,18 27
2,27
23537,1 2
18707,
23730,2
24975,
14043,28
23392,
9138,2
7811,2
4112,12
24985,12 48
12484,
21121,12
10597,
4859,0 1 30
25900,
24595,2
22258,1 2 16
16248,0 1 2
25185,
32,33
11978,12 28 29
16276,11 16 38
13901,3
23481,2
3788,30
22013,
3830,18
25855,12 27
23709,0
12539,30
24858,3 12
3624,
20530,0
22628,16
26257,27
17333,16 18
24532,
17091,12
3240,4
26861,30
4560,2 14
20955,8
20151,12
305,12
11369,1 2 12
26874,2 30 48
8365,
26099,27
24183,
10584,12
4966,
24378,
5451,
20684,0 16
3966,18
23105,
22328,0
18811,2 8 12
7466,12 23
9644,
24831,12 36
25696,16
301,20
23801,0 2 36
25191,0 2
24079,2
13361,27
23092,
15530,0
24588,16
21807,28
19139,27 30
5616,0 2
22718,0 12
601,18
21467,12 28
21321,28
10959,
10309,33
25428,12
5778,2
21474,
24826,
9552,28 30
5685,2 12
21449,
9799,2
23064,0 14
9566,0 12
20293,0 8 10
2631,
20586,0
25329,
23770,
23480,2
24872,8 12
4541,16 27
26990,
26429,27
23981,0
25530,12
13513,
21304,18
23015,2 30
3604,12 27
4952,
7855,14 30
21651,16
23789,2 3
21965,
5339,28
22743,
1655,
23592,
23467,0 3
21088,3 16 26 30
14857,0 11 15 27
14394,28 42
25524,18 28
22101,20
24655,8 10
17824,
357,12 28
24152,0
7825,44
15184,4
2237,3 12
25754,0 30
21725,27
26952,
19826,8 30
22546,
21291,12 28
22814,16
3137,2 28
24627,12 28
6669,12 27
25102,
26612,
6027,20
8343,12 28
21809,28
4565,0
20080,18
11429,2 12
1413,1 2
893,0
23956,
23489,0
198,16
21656,12
13991,
22485,2
11085,5 12 28 36
2162,3
25547,12 27
26876,
13899,
22898,0
11883,
6809,2 3
4868,
8479,
23761,2
12367,
1867,28
21523,0
23556,2
8960,
26238,11
6030,0 27
8705,
564,
5815,
7478,
15528,35
25421,12
9475,0
20491,0 35
328,
7520,0 1
1638,30
16148,
3217,
24533,42
19593,
24669,18
24366,
10114,
26373,11 29
19799,27
23527,5
25259,12
22479,8 10
12516,2
20073,18 28
23007,
18329,
12854,18
693,12
11253,28
7792,0
6813,
17901,12
5713,2 28 37
866,27
18549,1 2 16
18196,27
25560,7
21735,28
2873,
20518,0
25733,0 2 27 30
23231,
24916,
23516,16
20763,28
15983,
25230,11 27
315,1 8 10
24085,2
9423,2
9343,12 39
24547,18
1534,
17487,
26794,
22001,12 28
9195,12
20579,0
15416,0
18463,0
22155,18
663,
26552,23
17940,
24850,
5356,3
14405,2
6966,27
25667,15 27
10853,
21761,1 27
24978,12
15291,10
13290,29
8954,2 8
21495,19 21
298,12 28
6020,20
11147,3 26
26696,8
445,12
25814,
22183,
8243,1
21988,
1183,0 28
26574,
26043,18
14514,2
24343,4
12512,
7068,16
17666,2 3
24450,38 45
24626,
7490,12
26914,30
20799,2 5 16
17261,12 28
364,48
26645,8 10
4940,
17863,0 3
11448,1
19372,0
15851,0 12 23
7017,0 8
407,44
13303,0 30
24800,
17730,
25820,
23023,3
1511,21
26654,12
15951,12
26200,11 15 27
23417,27
22438,0 2
20664,28
26867,0
9323,0 29
7045,0 16
7461,12
19392,
18574,2
24342,16
12398,1
7019,12 20
21240,28
25327,5
21978,18
19219,12 28
5871,28
25822,3
26316,
23212,4
16855,27
25491,0
22779,
25220,2
21518,20
26480,30
23322,
25924,
23394,16 30
20830,38
172,27 28
19697,
8985,18
9963,
19152,
24153,5
23166,
4234,
17778,0 12
23784,1
1822,
5973,0 11
24943,12
5344,0
24018,2 4
23512,22
12623,8
22094,28
15876,7 29
6753,
17295,0 30
22792,
6848,
17234,0 2
26976,
11693,3 30
25227,8 12
1744,27
8805,12 28
26283,14
22244,28
24169,0
14768,
17499,1
21863,
21885,
22067,18 28
1693,27
5720,2 12 28
565,28
25414,12
21404,15
24974,1 27
9818,27
26464,
17736,0 2 30
24851,1 2
5682,0 3
6741,35
5394,
21940,28
26935,
12101,3 12 27
9955,
26495,
19040,
2029,2 12 28
13621,2
7923,28
21625,
24757,0 2
7561,8 10
742,
3027,
23116,16
15782,0 3 30
18208,12
12383,14 27 36
24817,
4976,1 27
7712,28
23735,1
21816,12
21867,18
26887,
7830,2
20071,
24513,
26507,
6624,2 29
20954,20
21397,27
26809,3 27 30
1518,0
26,30 35
11529,19
6521,2 27
5878,12
4196,0
10799,0
3922,28 29
17897,20
18451,12
15746,18
7868,
21548,5
18324,18
13061,1
7120,0
2049,0 35
8486,12
26664,1
2714,18
13982,
25067,0 8
4217,2 3
9855,10
6014,2
24047,2 5
18543,
4815,
20347,
7250,0
21944,28 36
24269,20
3615,23 28 48
25122,12
1561,3
25216,
14116,
4440,27
9173,12
14152,
14102,0 1 2 28
12222,
4255,33
22044,
6322,
786,2
26003,27 30
24081,1
13452,1 8 12
23378,2 4
6139,0 2 27
22854,0 27
14975,12
311,15 27
17948,0 27 30
26851,30
3853,30
26578,18
580,
3890,
11632,28
17484,
18149,12
18298,
25503,8 12
19386,2 5
10950,2
26949,21
4872,
4950,12 23
21144,8 12
22808,12 42
21354,28
22717,5
26462,21 27
26690,26
3495,1
22933,1 2 8
24624,12
5603,1
24907,20
2216,2
22606,1 2
10749,16
22234,1 2
4900,12
25269,0
11209,
25091,
15757,1 2 35
21659,
9530,2
2742,12
25543,12
9233,
21911,28
22804,8
24813,
25864,
7126,0 27
14071,1 2 12 28
8683,1
25890,11 40
155,2 40
4997,2
24866,1 2 12
15344,
782,0
2448,0 27
3198,1 12 27 36
24386,11 16 30
6381,28
4185,27
16765,2 16
11951,1 11 15
14046,
24028,1 2
22255,0
23808,
21762,27
20242,28 30
22750,
22595,0 12 16 36
6870,1 36
25201,27
12137,2
20801,0 14
22268,0 2
23204,2 3 30
24505,0
3097,2
22697,0
26285,
25869,1 27 30
13034,
9095,12 27 37
26371,27
9181,
26430,11
458,1 19
1703,0
1205,
14013,2
7800,
25441,19
26433,30
23337,14
25587,12 28
15200,12
20642,
9112,3 12
25461,8 27
5719,
20988,1 12
21716,
23088,0 3 30
12376,28
23271,2
15386,16
22057,28
1981,5
6379,28
7627,0
22521,
20714,0
6724,23 27 36
21894,
20850,22 28 48
25600,3 28
23962,
12704,18
26686,12
3492,1
22748,0 1
25509,0
17244,18
10173,1 2
16470,
26120,
2903,
20749,
26747,2 4
19787,5
21090,
19099,11
4547,12
18183,12
5819,16 30
20956,12
1267,8 28
23660,0
26383,27
9987,
22442,12
23266,0
2018,12
868,0 28
21247,28
12414,1 8
22786,30 36
8014,12
20800,
19836,0
23260,2
6161,2 36
21063,12
10890,14
20652,
536,
23360,0
496,
26406,
23477,0
25905,
22955,
22387,0 35
22213,12
17900,16 30 37 45
14330,8 10
24880,
65,0
18712,0 2 37
19564,27
22764,2 8 10 28
3856,
25184,3 12
1385,3 12
18490,0 3
20947,0
25179,1 12
26594,
17700,18 28
22974,0 30
11491,1
12893,28 30
25884,11
13273,2
17837,10
21037,
5427,27 30
26103,27
9897,28
3241,0
26657,
21942,
14063,18
20903,18 20
25718,12
6010,27 28
10109,
108,
1250,2
503,0 3 12
23701,
21369,0 27
636,12
17672,
5522,18
14512,16
24863,12
22921,21
11798,
26398,12 27
25440,20
17918,28
10450,
26256,27
15903,23
5232,28
25501,12
20161,
22565,2
20527,2
26806,
25209,
26883,
21128,
20966,
23731,
20690,27
64,
23649,
17638,2
24328,2
22605,27
20678,29
8963,27 40
4862,2 16 28 36
8996,
23526,
7449,8
22008,18
25812,27
25029,
9801,2 27
23764,0
4457,
21897,28
23408,
22127,28
20785,2 28
4009,0
5703,45
26269,3 27
25981,18
13357,2
21805,0
25084,1 3
22855,3 15
20447,14 16
19402,1 28
13956,2 36
25947,1
20620,0 2
223,18
21606,
22169,11
278,0
20144,16
5546,28
26635,2
26192,27
18058,
19361,
4478,0
23758,1
23833,
22065,
14069,0 2 11
18087,2 8
554,0 3
20861,
3837,0 30 36
127,12 27
23906,2 27
16183,2
26846,
1350,
4306,2
21849,
346,
16412,
26332,
7650,12
19069,1
2808,12 28
20909,
92,1
26186,43
26932,30
2687,
5906,39
2057,
22289,2 3
15257,20
14832,2 12 36
4160,3
12891,12
22807,
24720,1 2 12 27
21258,28
25791,
919,0
13398,
20088,2 4
17211,
3429,2
4158,0 36
21678,12
14436,0 27
21644,27
1532,30
517,30
9704,3
6655,
26417,27
385,15 20
10150,
20503,2
20640,43
6372,
10742,
3430,0
3682,
13119,28 36
25935,27
7680,42
22236,20
26107,20
25527,12
19922,2
26188,27
755,1 27 30
22929,30
5816,12
20839,10
8515,2
2156,8 14
25825,0
2577,
1355,12
1814,16
12407,28 30
25568,27
22896,
20655,14
21158,36
9889,0 1 10
13279,21 36
22469,
20713,0 16 27
25784,0 11
22117,28
2624,
21740,
22017,
15680,2
27010,
26738,23
22211,
20674,29
18108,18 20
26515,27
26504,
20431,1 36
4117,15 27
26528,
1284,0
2496,
25139,12
25827,16
9063,
19295,2
16622,18
705,12 28
17300,
7460,1
26250,11 15
22798,
20937,5
23884,16
574,27
495,0 5
25747,0
5944,29
26545,
26064,
6029,
20666,28
20989,27
24489,18
18764,
22292,
6399,0
23169,8
9753,2 12
26081,2 27
2666,4 30
5200,
19517,
6771,0
20572,0
25321,8 10
14964,8
20420,0
17831,0 2 12
230,28 36
3150,
17340,0 1 18
22455,12 27 28
25559,27 28
22302,2
6135,1 3
22175,
24580,12
25655,27
25465,18
21241,28 36
22822,0 15 18 23 28
25962,3 15
3426,0 1
25325,
23882,1
7196,4
23754,3
6528,1
2824,
18702,0 27
10118,
11877,19
12090,2
24099,
18480,1 28
18929,
6750,
12781,0
23041,3
15722,2 12
9972,2
25128,2
22943,
20284,28
4178,1 10
8901,19
639,
4685,2
22770,30
26005,11 27 28 30
7286,30
22648,27
10661,
21235,18
25843,10 16 27 28
18023,
9592,
1800,8 37
20522,0
21256,12 28 30 36
5155,
22450,2 36
23529,1
22223,0
7590,
13014,2
19360,16 30
7946,0 1 16 29
24472,
14215,2 35
20223,
24604,20
22181,
5721,0
1658,19
20999,12
2792,2
16538,
20085,0 28
9109,
4639,8 10
4617,0 30
23184,
24809,3
20673,28
7268,28
15507,2 5
12239,1 2
2477,
21222,
451,12 23
27001,28
24579,12
24383,0 27
20846,18
6028,8
10867,4 16
15791,
23460,0
20648,18
2940,30
4974,0
598,11 27 30
13870,
13422,2
4990,12 36
11732,11
8537,20
23681,14
21770,27
18212,
18834,1 3
14958,
22026,1
21565,0 12 28 35 44
24965,0 12 27
26293,27
5605,20
5126,12
20775,0 16 28
23663,0
2166,
1478,27
19530,
8506,
18428,12 28
13143,
12426,45
20637,28
20538,0
5531,
701,1
12357,
5398,0 27
2255,
15101,
1113,1
1075,3
8583,1 2
17026,2 12 27
15925,16
21562,1
24254,0
19349,3
5479,27
23140,38
13891,1 14 30
25167,2
17539,2 16 28
654,36
23611,
6257,
21751,27 28
12354,0
11216,30
5743,30
23654,
8231,0 28
20962,0 3 27
5968,2 27
10636,
1566,
9003,3
24534,18
4315,8 10 12
17393,27
24158,0
1602,1 3 30
26039,40
19105,2 12
2547,
5902,12 28
23086,
10258,
10002,1
22297,38
16694,12
13425,10 12
390,
76,29
20507,0
24245,20
3199,
20976,28
14758,28
20840,
16107,27
6270,12 30 42
21175,
20412,0
26272,11 27
17513,12
741,44
5455,8 30
24502,27 35
24471,26
11322,1 12
21879,12 23
26589,30 40
523,1
22081,
15844,
26974,0
20411,1
6559,27
17906,28
25374,
22461,2
16151,2 3 37
16695,1 3 30
3582,12 28
23269,0
7426,
21283,29
4239,2 11
10571,16
20877,28 29
25976,3
25616,28
20436,
869,
1128,
11197,1 2
25995,16 18
4570,
16459,28 48
17525,23
21670,
23120,38
20761,0
24549,28
14748,0
21485,
25609,
23966,2 36
24084,2
23813,
17282,27
22993,16
24168,2
25686,
15026,
11725,3
26375,11
13082,12 36
4575,
1686,0
24058,0
24438,30
11913,1
23398,
3827,
19598,
26170,27
8678,
20470,2 3
3658,0 19
25061,
18245,
6296,0 10 12
25550,31
24878,0 12 30
24586,
11090,10 19
21115,28
25889,0 15
22404,2 11
2798,16
17093,18
26461,
20698,
8362,0
21412,2 48
26221,
251,16 30
21219,
22554,0 3
11008,2 16
6737,0 12 16
18789,0
363,3 27
14507,
26347,
7162,
26459,3
19938,
25906,0 12
140,19
4631,37
16813,5 18
12861,
23458,0
7112,20
5357,16
10800,36
20037,1 2 27
20372,48
22018,28
22285,0
24063,
5654,2
3456,2 27
20076,19
25508,0 8
2387,3 27
24098,3
15227,3
8386,16
24301,2
22583,20
11583,2 3
20157,27
18395,1
22072,
19832,0 1
1599,1 27
2328,1 11 27
24698,
8552,1 30
14221,12
20851,2 12 18 27
3767,1 27 28
23178,8
13759,2 27 29 30
9199,1 12 28
4149,2 28
23658,2
7512,12 27
10054,30
7160,19
25714,27
23117,30 38
24148,2 3
10563,12 14 23
2556,0 2
17946,0 30
24475,45
5461,28
26391,
20699,2
26875,45
5596,12
24560,12 20
24416,
21822,28
109,12
165,
27028,0
23455,
228,
18513,
10116,
20457,
1300,0 28
12050,1 2
22128,
235,
6009,1 30 37
10358,16
5005,2
26877,
24888,
1410,18
17105,0
21333,
1929,
19198,
4939,28
24147,0
23356,1 2
24352,1 2 36
19795,3 16
2120,2 11 27 40
25070,23 28
26395,
24064,
22145,29 38
25910,0
25925,0 27
17278,39
8261,3
6473,
26532,27
9008,
15536,19
26421,
21743,28
17640,15 27
14671,12
26160,11
21245,20
618,3 12 28
24065,4 36
10215,8
19344,2 3
18784,2 26 30 47
11985,
26446,
25343,8 27
22881,30
15073,3
16807,2
13840,0 12 16
24984,
19507,12
25934,27
23666,
26622,0
3597,11
10015,2
26782,
11970,14
24333,18
22758,0 36
13136,18
19745,1
22775,3
22882,0
5725,20
20677,12 28
24049,0
4654,12
26998,
9010,27 30
15634,
13251,20
25871,27
24631,12
7074,21
12642,11
22528,3
19409,3
26835,0
4577,1
7176,2
23627,
10739,27
10052,28
24890,
21163,12
23190,
23810,1
18147,12 28
2368,30
3647,30
23626,1 35
22624,20
24336,
21545,
11596,
26816,
22981,2 38
500,1
2504,0
676,27
22015,
26638,0
17313,28 30
272,0 28
2848,1 28 48
26423,27
22912,30 38
22323,0 28 35
23431,
8727,2 4
5635,0
2918,0
25899,2
14815,
671,1
26748,
11,2
657,0
25670,18
21486,
670,12
296,28
26510,1 3
2660,12
22060,36
26737,12
23192,2
12629,
4754,12 28
23646,2
10783,2 8
19567,30
16961,27 30
22640,
24015,16
24482,8
21100,
659,
25958,27
13045,
26485,28
5174,10
6248,28
9410,12 26
25922,1 27
16754,12
16542,0 28
18751,27
21126,28
22281,18
26964,
21929,
288,0
17629,
24573,
16084,28
1733,27 28
24407,
3393,3 4 8
26557,
17468,2 12 16 27
14986,18 27
18795,15
24629,
1214,
10736,14 27
19880,0 33
22729,3 37
25157,0
10003,
6609,
13076,12 16
13757,
10198,
8455,12 28
26779,26
26678,27
186,14
164,2
24421,10
20630,19
23587,1
25546,36
12784,3
104,2 37
23113,27
24854,36
23622,4
26474,
10021,
25928,
21270,28
12924,2
26615,
1850,8
12753,
21647,
17440,14
23148,2 28 29
25612,27
12061,2 27 30
2154,12
2975,2
10537,0
21906,
21303,8 12
8025,2
329,12
21202,28
9369,12
9991,28
8544,0
20860,28 30
277,20
22557,1
22068,
22835,1 8 9 12 36
18209,27
18699,10
20911,0 2
16582,30
23726,0
18599,0 1
22773,2 30
22064,
6501,
22832,0 2 36
18591,12
18630,1 2
23769,
21535,
21334,18
25511,18
22436,
23040,2
7766,0 28
27021,
5183,11
26499,27
20435,1
25739,2 3 15
24915,
24304,0
9902,
14594,2
9531,27 40
21264,12
26340,
25448,12 28
18780,12
13931,
4733,16
22102,28
20946,2 30 35
16994,2
18986,3
26351,39
15235,2 3
26441,
9129,16
5751,2
26154,27
8341,12
858,0
9550,16
24288,2 28
24623,
26213,
23888,2
4214,27 34
3662,14
23528,0
21228,
340,28 36
9505,1 2
10616,12
2598,
23205,
8944,0 5 16 30
18192,3 12
9213,
16795,
6041,2
13843,
6216,27 28
1330,
10308,16
16928,18
3245,5
732,
13342,16
16639,8 12
26321,27
10046,12 18
22243,16
18045,
24119,2 3 5 30
24737,
12124,12
20276,27
8618,
5798,
17478,29
20938,12
9742,12 28
365,2
20822,
22736,18
24454,
16219,
26018,
26808,3 12
18726,12
24401,10
17905,12
7516,
15574,12 30 45
22700,0 2 12 27
23661,1
17523,27
21679,27
26927,14
8193,12
23999,2
643,30
9148,2
22416,
22420,27
26551,1 27
23549,16
20121,28
3512,16
25375,12
22644,1
24102,2
1587,11 27
16762,
21778,
10363,12 23
26665,
15674,2
8239,
25800,1 27
20783,1
16253,0
10244,0
11616,0
26508,11 15
21325,
22173,12
15518,0 3 27
8756,3
13024,8
5895,16 27 30
22678,0 1
19596,
24948,23
14485,0
22633,
20234,
7009,12
9020,
18158,11 27 30
3938,12 16
21663,
5516,0
25037,10
13322,16
20934,12
25293,1
19882,34
11799,
21117,
56,
26905,
20888,1 2 28
5647,
24893,12
13359,18
21557,
15223,2 3
24062,2
8404,1
26754,23
23255,12 36
26720,12 27
26350,
7816,0 27
22712,19
8501,30
23122,16
11355,1
26859,2
8103,30
24108,2
26989,0 12 30
123,0 12 16
21951,3 5 30
13256,2
25124,28
2279,0 16
12754,
18006,
24364,18 21
16338,
25214,
12154,
14955,2 8 27
19900,21
22191,0 42
4953,0 12
1936,3 31
16275,0
21207,
262,16
7167,
4167,27
2467,28
22990,2 30
25891,
23905,2
16752,12 14 43
23952,
24219,3
23923,
718,16
23438,0
26290,27
23831,1 16
2406,0
4180,
26924,0 30
24397,
24871,3
18447,48
7307,28 38
14866,
13868,0 27
5116,12
8743,1 27
24493,
19621,8 10
1172,2
8443,1 11
15011,16
25960,0 2
8091,11 27
8350,2 16
23601,16
11936,0
24848,0
14084,3
10527,21
5492,12
25520,18 20
556,2
22844,
5986,
5242,8 10 12
23806,2
166,
24785,8
20665,28
16926,12 28
10780,12 28
12128,
33,
474,2
23760,16
116,0 16 33
24519,5
24515,
3037,
19825,16
6765,
8923,27
6178,27
10763,1 2
8030,11
26093,11 27 30
17472,12 27
4425,3 28
15792,12
16728,0
22395,0 12
23692,2
15126,1
22038,28
24853,0
20277,
5847,1 36
5579,12
4060,16
25416,12
24200,0 3
26795,
25351,
12732,
21195,12 28
15770,1
21306,
10824,0 3
8580,1 2
23554,
161,
20153,37
23226,16
21672,28
16206,12
26114,27
5035,16 30
24446,
7947,0
234,36
6888,1
20868,
17689,0 2
6105,0
12583,0
7607,12
24209,1
261,30
21456,12
26813,
18482,12
23162,0 1 5
15628,2
21392,0 28
18868,0
1132,18
20762,0
23295,
24609,12
24901,10 12
23524,0
24977,12
12345,23 28
21215,
23534,
7764,2 27
23766,1 36
22430,
24322,1
13042,8 27
6387,
13218,
17630,12
25937,
9377,2 36
302,
11860,35
18379,
26671,28
26732,14
17658,2 14
10670,16 27
22576,18 28
1283,27 28 29
2830,
25038,28
14464,2 3
25116,
7701,
17224,1
23881,2
545,
9903,2
22733,
16746,18
25603,
25802,
62,
23304,
7667,0 1 30
23498,7
20343,2
25022,
6054,1 16
23102,
9970,8 10
21552,16 28 30
5033,
23814,3
13605,3
23035,0
24582,12
13765,8 12
26287,27
25169,1
7515,1 27
15388,4
8561,27
3951,
22291,0
20540,
24187,1 2
16170,16
4979,2 27
10718,2
25908,12 27
22838,0
8545,
20923,0
13887,0
23733,0 2
9985,18
1170,48
4483,
22762,
18372,
23908,0
10535,12
21948,
5134,18
22231,
19270,23 28
22755,
5958,8
21653,
19336,
17359,1 12 36
25382,1 8 45
8219,1 2
22403,
1539,30
15542,11 15
25059,20
24029,1
2324,0 2 27
13793,18
23713,0 36
1485,
24896,
5606,
3008,12
19941,12 28
25613,11 27
18663,3
21114,2 30
1474,2 16
4579,16
12858,20
25888,1 27 40
19548,
21983,18
23985,
20395,12 27
17148,2
23268,0
16270,0 28 30
26219,
16671,3
6247,12
10442,1
925,
23672,0
25664,
16057,0
21752,15
25807,11 27
23319,
4150,3
12880,
2534,
4646,
19915,
7514,20
23699,0 2
25165,1
22910,2
25439,8
26703,
409,
12476,
586,2
9960,3
24139,3
21731,28
8721,2
26447,
537,1
21022,28
8280,2
13913,16
22593,0
23655,0
22658,
14117,3 28
7280,1 2
2174,
26503,1 27 40
20119,
20908,
21410,30
747,14 26
2596,0
8297,
24126,3
2683,
25002,
15247,
8016,3
14956,8 10
23685,12 36
3102,
19481,27
14515,12
23860,1
21105,27
538,
3002,1
512,
17957,28
19127,
13111,27 30
1169,4 12
22728,2 12
954,1 27
12127,0
11910,
13366,18
21177,
14531,
15050,27
6402,0 12 27 30
26740,
24080,
22356,0
18774,21
20927,0
240,2
26169,11 27
21003,28 43
25372,20
25057,5
23901,2
24155,27
25641,18 20
4230,27
22219,8
10211,1 12 36
249,
5589,0 16
23106,0
2703,
1281,
20700,2
23547,
19075,20
9954,14 28
24664,12
3024,
18564,28
4309,
26187,11
5622,
25279,
10414,11
17394,16
11679,
23928,1 2
26493,18
60,28
23336,0
16074,
12098,
18011,29
6423,4
5187,12 27
10203,16 27
1890,
24448,0 16
20543,
22154,0 23 28 30
25532,12
13755,
306,12
23849,
13726,0 28
26870,30
7546,8 10
24498,12
1204,12 23
25330,12
23950,16
16561,0 27 30
23180,30
19980,12
26733,23
6442,11 15
18383,12
10995,27
24078,
4480,0
13266,28
6587,12
23239,
17662,3
19639,16
22402,0 3
17982,
114,19
23997,27
11539,12 18
21569,
8322,12
4186,12
7211,
1620,30
26709,0 28
20548,2 5 36
24931,2 30
13507,3 11 12 16
22514,
21116,1 28 36
23835,0
25396,
21969,
17827,12 28
13057,2
21205,
15697,0 27
11479,2
8383,2
7396,0
26832,27
22611,
25324,20
21345,
4743,1 2
20598,2 29
2513,28 36
18394,
19483,
23594,0
22421,2
487,27
21888,
6348,0 1 35
1772,2
21645,27
22823,1
22296,
26203,0
16454,18 23
18423,
19641,11 27
25963,0
21775,
16447,
23982,
44,28
4561,
13444,12
23704,0
9820,
19339,
16073,12
21713,12
8222,12 40
22538,2 3
631,14
17161,0 12
4875,2 16
3850,1 27
8792,
16065,1 12
15000,12 28
25513,12
16520,3 27 30
24480,48
8824,16
3365,
5933,0
6960,18
18674,
21995,
24230,1 27
20506,
3411,2
13611,1 12
13363,12
26011,11 19 43
26109,23 27
25946,27
22986,16
22782,0 3 30
23270,
26634,11 15
15827,27
5206,12 28
22204,
25557,15 27
25174,8 10
18113,18
21143,12
10845,0
23361,21
16015,10 36
12599,
10368,
26157,
27003,28
11481,2
6162,20
26148,30
12244,30
18939,23
6546,0 35
23914,2
25317,
21542,27 28 29
25841,18
5949,12
25221,3 12 27
19102,16
22559,
25758,
21520,
6935,26
22089,
6167,27
21033,0 12
24748,
26306,15
26822,3
20965,12 28
26112,12
24184,38
26096,
24754,1
22110,
14195,0
26706,28
23350,18
4323,12 30
21227,
310,1
17843,0
21505,
23402,
1932,20
15078,18 27
18440,8
16836,
21216,18
23020,
283,
13986,12
26778,
134,
24894,8
403,23
26617,2 23 28
9536,23
927,12
24295,29
4981,
22109,28 29
21268,
25319,12
8509,
10872,1
16402,0 2 27
448,12 27
16142,16
16256,0 2 30
24042,
472,
26068,18
20414,16
24357,
25358,1 12
8309,2
24313,
9634,
10855,12
1762,18
26032,
21655,2
18281,12
17546,20
37,23 28
12130,
6298,
26310,27
21818,
23182,0
25140,12
26280,27
1877,3
7733,0 2
17826,
24349,
22863,
8797,
12661,0 12 36
7525,
623,2
508,12
17447,40
23273,0
23582,
25730,0 2
9033,
9737,3 16
18503,
15529,2
23540,2 36
23518,0 35
24344,1
6264,2
10843,2
13560,
8899,12
10755,15
23968,5
6378,
26921,
25549,27
16759,0
13889,12
24816,1
26969,
2987,
8423,2
16188,3 12
13877,0
3862,2 36
3726,28 36
14228,1
21027,0 1 16
4290,
21636,20
22311,
18807,30
1831,
24025,2
12495,2
19225,
22516,21
11283,2 30
24329,1
22194,42
3780,1 8 12
12330,2
22014,28
10233,19
23869,
9789,16 28
22116,
22318,27
21445,3
13207,36
14617,
6911,0
10794,0
8760,0 2
25561,0
22876,0
22737,
11385,
24546,12
18887,27
25354,12
216,28
8776,0 3
21182,23
23423,
203,0
11500,48
22976,
26554,
18164,2 12
14943,0
17344,0
15950,
11525,16
577,0
19657,
3229,0
22361,0 2
22343,2
5759,1
18026,
6573,12
23252,2
21382,0
9157,28
26661,18
19477,0
21729,27
18293,
25460,0
14431,
26365,20
2716,12 36
18082,23 28
23954,2
20996,
6553,1
10386,12
10731,14
15641,0 30
18963,3 30
13276,
26820,
26229,27
23996,0 2
22709,2
3880,28
5070,0 1 2
2626,2 12 27
20534,0
2106,2
1678,26
8696,
2188,28
8088,
13201,45
21280,
21274,28 29
21127,28
20990,0 12 29
14618,0 2 30
21833,2
20968,12 36
25092,11 24 37
24231,5
231,2
552,1 3 30
25407,21
12763,28
7342,8 12
22746,3
15662,28
21722,
26281,27
26130,
12089,
26330,0
7906,2
16626,21
17433,12
21788,18
632,0 28
19410,8 10
8449,1
26074,15
19144,
16646,
11256,1 35
124,1 12
24123,0
19335,21
20389,2 15 30
21623,
22031,27 28
26439,1 27
20587,
1191,
18027,23 36
22768,
8837,27 30 43
8396,28
23890,2
7340,1 28
23018,0
16596,0
20328,1 2
3863,12 18
14311,0
9452,
178,3
20077,3 30 45
22925,2
10952,2
15220,27
10612,18
18273,28
1313,35
9472,10 28
13856,2 30
21715,0
8393,23 45
10838,3 4 36
2060,28 36
24140,3
6023,12
23044,2
4606,
4056,1
19245,0
26317,12
756,
18185,0
25347,
21496,
18872,
1243,16
25245,0 1 12
18386,12
11646,12
24570,12
25136,
19059,12
17587,28 30
6643,
17547,
2559,0
14911,
16644,2
8919,3
26741,26
531,
24869,5
299,12 23 48
2668,
6429,30
19026,
24578,23 28
24044,
26048,11
22394,18
25829,5 11 15 16
21157,
22115,28 29
20814,
21179,20
10149,1 11 29
380,11
21097,8
18378,24 30 37
7962,12
1986,
17937,8
23521,
6552,28
15540,3 28
26937,
4257,0
5850,1
8653,
21884,27
11873,36
9581,
13155,
23691,
21036,0
25823,2
21293,28
6707,
25222,12 27
10264,
24721,0 12 28
21190,
21721,28
21068,2 12
2429,
17114,2 35
21394,1 2 15 27 40
24056,3
25355,12 16 28
23720,2
6265,2
6831,8
6263,
20694,
5899,2
8654,0
22184,
24298,1
24957,12
24440,
8567,
23335,2 3
6447,2 4
15197,23
22505,0 27
13365,5 28
24506,
19032,27 28 30
22451,
736,2 28 36
20667,
21554,27
20986,0
20606,0 19
26768,12 30
20676,28
10218,
22781,2
22959,
265,5
16167,12 19
26521,
6076,
24296,
19995,0 21 27
12777,12 23 28 29
9152,
1646,27
3215,2 3
7239,
26153,
3867,12
21038,
6608,
5689,15
21072,1
16304,0 28
26190,35
26670,12
14264,12
6794,12 36 48
23562,
7535,12
16124,21
341,0 16
10733,2 3
11294,1 2 30
15761,
24142,0 2
5305,1
16135,2 7
23552,2
18221,12
15298,15
1083,
24852,0 8
23798,1 2 4
24396,
7665,
5371,30
23978,2 3
20682,27 28
18165,0
6218,28
14583,2 30
20672,
21326,28
17365,
4837,
1419,
23543,0 2 11 27
22518,0
14226,0
24677,1 2 12
24468,21
25589,
14837,8 10
6421,11 27
17474,27
5503,0 2
18188,
23310,0
14460,27
665,
5445,12
20893,3
464,12
19713,19
2573,
18117,12 28
13174,0
7895,12 22 23 30
25866,42
17425,
11722,21
4378,
22599,2 11 27
25751,
4450,2 27
22597,12 27
24930,12
2985,27 28 42
18775,2 4
4771,12 23
24634,
21914,28
25682,27
22970,30
332,18
16859,2 12 28
20681,28
8880,
6250,
26598,0 2 35
1120,
1746,
933,
23279,
20716,0 12
22708,
20551,
1530,
14921,3
21719,
16102,
24796,2
24882,8 10
562,
26388,14
16980,
21004,8
9525,12
2956,12 28
10988,0 28 30
16586,16 30
19465,2 36
18265,
9432,12
26209,15
22680,0
21685,
25198,12
2743,
24571,
8565,0 12
15948,11
15186,12
13833,
18612,3
23224,2
8927,1
15760,0 30 36 45
24656,18
15865,0
20856,28
24728,
8135,0
8006,12 30
5146,
14626,24 26
3683,20
22987,16
9504,0
6645,1 2
7629,
25815,
22800,
26917,
25393,12 36
11271,12
13193,11
20615,0 2
14422,2
881,1 16
14736,10 19
575,28
20523,2
23404,
9355,27
24540,12
10714,0 2
26015,11 27
13301,1
25593,
11061,28
2296,20
386,
337,0 3
5964,28 39
4539,2
12425,
14301,16
4300,
6979,2 12
23385,0
22091,
26725,
16787,3
17737,12 27 40
18926,3
27004,
26131,3 12 30
26786,
12698,8
21764,1
21705,
6303,3
15599,
2370,35
26435,3 27
23609,0
16714,16
214,
24021,2
13108,2
21534,
23822,
807,2 12
24689,28
20654,28
21612,12 27 28
24474,20
4326,16
20880,12
17779,
21855,28 43
20892,12 27 36 39
25666,47
21475,
19281,28 29
20935,28
2704,20
18186,28
5563,35
21091,30
6137,12 23
18287,
13281,1
26571,22 23
10398,8
23028,0 30
14804,0 10
11044,27
16068,0 20
25331,10 12
26818,30
26603,
19646,
20601,0
20680,28 29
15015,
23610,0 2
25699,0
22185,12
23644,0 3
24973,1
543,
13777,
10870,16
9459,0 3 14 26
14120,12
22544,
23787,16
15245,18
24262,1
465,27
2588,12 26
11944,2
16294,2
18501,1
21324,12 27 36
21017,0 30 43
21057,12
25003,23
2813,3
22780,1 36
26660,0
25897,0 12
21364,0 16 40
22447,8
2706,28
25492,8 12
23771,
18511,
4436,
2720,
14686,
19904,
18618,2 3 30
15224,28 29 47
18107,18
21823,36
26224,
23234,0
5724,30
26178,27
22769,12 16 30
19848,1
13751,2 22 27
26602,12
2024,
20895,
21728,27
2488,20
11363,14 28
8104,12 27
26059,27
14777,28
5594,
13235,2 3
21843,1 29
19575,0
20511,0
1770,0 3
26339,27 40
22477,1 2
2599,36
21773,11 27 28
20725,2
23179,1 2 30
22674,1 2
25854,
6676,3
24945,12
26206,27
22352,2
2195,2
25536,
9476,12
18653,2
9920,0 12 28 30
23755,1 3 27
12197,
22536,2 33
26359,3
8592,
25334,12
1622,1 27
24673,12 28
7786,
691,
21050,20
23433,
23548,
16464,
14973,1 2 8
26372,15 27
23159,0 2 30
1575,12
5523,2 16 28
25150,27
25973,27
25190,12
6719,28
20961,
20896,3 12 27 28
1271,8 10 12
27,0
23870,0 10
2854,0
1707,12
21829,
325,
12696,12
26562,28
13167,30
20780,1
21910,28
8075,
25289,
5528,16
23288,0 20 27
24543,2 28 37
22888,
185,
6679,18
20742,
22095,
25405,12
13,27
6431,3
22409,
23848,0 2
7993,0 3
24577,27
10863,
1108,1
24912,
8242,16
6908,
22859,2 11 15 16 30
4267,2 28 30
25584,27
21597,12 28
25399,
12133,27
21857,27
3422,0
23145,30
22927,0
14136,36 44
26906,27
478,8 12 36
19161,0 27 30
23656,3
21261,28 29
359,
22002,28
12349,0 3
20532,0 36
24390,
21162,48
24988,12
21896,14
13062,0 27 30
3140,0
21402,27
18814,8
24660,12
23817,
16414,14 27
224,12 30
20864,12 28
21041,1 12
355,20
24190,4
19560,0
4960,
26031,27 40
23705,
21691,
3859,1
358,27
26556,0
20914,8
10461,28 45
19323,
20661,38
26194,15
10893,16
2390,19
25586,0
22331,0 1
3151,2 27
20526,3
16478,30
22449,8
2802,1 35
24039,2
23983,
5380,
2320,30
11565,1 35
14508,0 22
3994,0
21194,12
18412,2 12 16
3146,27
402,4
13761,
24512,18
67,12
10924,21
15309,
11099,4
25223,28
5536,30
837,0
21377,
6919,2
19129,8
26353,27
4395,
15643,
25401,
11244,36
2356,12
21336,18
21727,21
16305,
26007,30
9749,
12111,27
19414,18
21714,28
7305,0 3 27 30
24130,8 12
24705,
13742,0 12
6564,0 36
22414,
22401,2 16
15589,
14452,
15405,27
17039,12 18
14868,0 28
16114,12
12999,0
12261,
16771,16
13735,1 2 28
3847,
2777,12
5303,
10077,28 36
1783,1 7
16348,18
4558,
6497,
3045,
1488,12
20871,28
13985,30
12318,4 28
20859,39
22632,1 8 9 10
3059,12
24362,
21707,
10104,12 28
7880,12 36
18442,16
25620,27
11541,2
7757,2
1,0
9514,1 3
26994,33
24709,
21747,21
4535,
10075,3
21652,27 30
20767,0 10
15655,35
25606,
26207,
375,0 12
11286,
1999,14 28
2323,
2934,
225,23
21080,12
4860,10
25982,21
684,
9490,
561,27
24208,3
11729,2
17155,16 28
25466,12
23875,0
15307,1 2
26414,
8608,28 30
22308,2
1717,0
2922,0
18980,21 28
7573,0 12
21875,8
24161,
8658,0 3
21615,27
20905,
6761,18
645,2 30
15561,36
25701,12 27
22975,0
22275,38
22492,0
22190,
20972,28
9518,0
25967,
9656,0 2
9453,2
2372,
17559,0 28 30
22939,38
8522,0 28 36
15381,
2046,0
253,18
5581,12
22381,0
6352,2
24427,
24830,1 12
25969,27
2992,3
26026,
21366,3 28
20038,0
21937,28 36
22389,14
9909,5
26600,12
13075,2 36
4854,
2343,
25883,12
21008,12 28
4777,4 16
14853,11
630,3 27
22502,0
20468,11 37
22588,
25898,19
24599,
4023,2
26403,27
10296,12
25044,
137,20
9621,
22934,
20748,28
24607,21
19627,
24900,10
23947,1
18056,2 3
20334,1 30
7605,27
815,11
14021,12
11818,
24723,20
15826,1 2
21832,0 4
24986,12
6704,28
1455,19
972,12 20
16842,1 30
26247,
22063,18
8174,12
23919,0
24855,0
1354,1 18
16216,
17745,0 2
20473,0
2366,20
25521,12 23
7835,
24359,
23091,38
14489,0 2
25961,18
10993,2 12 23 28
260,
20721,3
10650,30
8373,5 23 28
4338,2
10574,
25624,43
14260,11 15
5294,3
10228,2
5327,0 1
3111,
20835,28 48
12218,0
18508,
23081,0
26069,40
8958,
23696,0
23125,0 16 30
20977,28
17881,3 16 30
14678,
20536,1 2 3
16448,
23112,0
23903,1 14
10844,
1577,3
14079,12
4797,
25514,
14993,8 12 30
4490,1 2
1469,1
18946,0 2 27
25860,
13993,14 28
24610,12
22350,
40,0
24032,38
9620,2 12
23588,
2950,12
22290,8
25249,
6290,0 3
26286,
2665,
21066,27
23739,0 1 12
12324,11 30
21563,
21225,12
21693,27
23826,3
22471,
12173,
14245,28
23854,1 2
103,20
8235,18
6329,12 27
21424,
269,36
6522,0 35
14801,18
23388,
24009,1
27008,18
10020,
4995,0 2
19743,
11550,16
24969,11
16719,11
17963,30
22902,2 30
6664,0 30
22086,
5883,19
202,0
1842,
553,0 30
5571,12
21047,8 12 28
17565,
6616,12
4199,1
26523,27
23129,1
22515,
26721,8
16688,12 28
12362,0 27 30
25264,
18238,18
20701,0 1 12 36
22092,
5980,0 4
7246,
147,0
24763,
5007,2
10773,30
24650,12 20
21758,27
11864,
22359,0
23568,
4260,27
22030,
21192,
3983,
24742,21
21129,12
11769,
26640,18
26065,30
6446,20
24693,
20454,0
15606,0 12 30
10216,
2747,0
21600,
25954,11
24735,0 12
11761,1 28 30
4319,12 26 30
23261,0
25598,27 28
6039,0
12382,0 2
3290,0
2289,28
25200,1 8
26278,
23135,0 1
2712,15 18
22816,0 1 2 30
21824,
22574,2
502,1
22196,
5667,2 16
16328,2 12
22179,
20556,0 36
23689,
23185,2 30
970,30
1861,1 27
25838,1
15413,12 28
25836,2
25041,
21478,
20493,
6618,3
24630,
22388,1
25737,27 30
22567,0 4
22667,
14965,3
16355,12
22158,42
17276,12
25913,0 11 27 40
26550,
21820,23 28
21634,
22642,3 27 38
3628,
696,
15679,3
26205,27
23853,3
23963,
23904,
26843,4
8,0
20781,2
17080,0
23953,3
22711,8
14376,1
21851,18 28 36
6990,12
22340,35
16969,28
13629,2
20951,
50,1 2
23214,0
24654,28
14220,
3010,
23531,
19090,12
26135,28
16689,1
13981,28
9455,
10594,8 10 28
7217,0
4136,3 12
14057,8
6999,
14859,0 36
3330,
15563,12 28
22010,18
7876,12 18
5803,0
22070,28
21079,1 37
22830,
25953,12
18396,15 28
10611,30
22120,19
25885,8 12
15066,
21463,10
19630,12
17686,30
26971,24 30 37
4461,0 3 27
20429,
23718,
23334,
23282,2
16685,12 28
15670,
26183,
26450,16
22686,
247,1 2
26432,
25143,2 30
8591,0
23925,0 4
25488,12
20918,2
26894,27 30 40
25832,27
9408,21
25368,8
11034,
24566,10
21060,2
19656,2
24584,18
22499,0
25462,12
21974,18
25176,19
1546,
24361,
13519,1
16833,10 36
21361,
23565,3
11202,28
17829,27
7069,0 27
21434,
5419,
26348,
16528,30
8702,0
16298,3 27
2242,
23076,0
20187,12
26913,
854,0 12 27
783,0 3
8085,4 12 23 28
6550,
3716,0
23598,
26814,
3871,
3689,12 28
514,2
20651,28
22901,
4945,1 3
8077,30
8181,12
24602,
243,12 48
25755,0 8 15 27
26923,30
4935,27
26691,12
7152,0
20303,0 12 30 42
20186,0 12
21281,12 28 36
26719,
22177,42
26771,
18572,4 16
16197,2
25402,
7424,
24690,12 16
24522,
22197,18
1731,0 8
12963,30
12655,20
10889,12
7824,
21243,12 28
13731,
22227,0 28
25944,16
11441,
1077,
17614,19
23396,
5295,0 3
16018,12
12911,
4444,0
25328,
8937,1
21425,27
20046,0
19167,
1768,
6243,8 10 12
24280,
20659,18
4804,28
21704,
10818,2
18760,0 2 12
4334,2 27 30 40
12325,28
191,
14716,2 8
14599,28
15565,0
3976,
26277,11 27
324,0
15919,12
23767,0 4
15008,10
17180,
4318,3 30
23991,0
27032,18
22511,0 28
6152,0
20739,1
624,
6903,
21603,27 30
24317,1
3115,0
11657,12
18942,
8604,12
7815,1 2 4
23343,
22098,19
8325,0 3 30
8237,
7727,12
26925,
7477,0 27
20639,2 3
21471,
6940,18
22027,18
266,11
27014,18
1352,0 27
22684,
1376,
25083,21
8201,12
13784,
20386,30
8539,11 16
8188,
21064,0
24822,2
25426,10
24326,27
21900,12 28
1865,0 1
2202,
26860,16 30 38
13640,
6120,16 27 28
18065,
25685,39
16643,27
26533,27
20471,22
19133,5
9509,0 14 16
25308,12
26842,16 30 33
319,0
11573,18
17566,
13675,5
9694,18
22660,2 11 30
597,0 2 12
3342,1
136,20
24544,12 23 28
24601,
12890,4
23218,
21171,16
15464,12
22868,
21351,27 28 30
25708,2 27
21578,1
11511,23
25290,0
23532,
19844,20
24356,1
9619,
20485,12
5051,12 27
23157,0 11 15 23
17990,
20446,
25821,
15157,1 12
93,2
10687,16
6700,3
22490,
26022,2 11
25819,1 27
11548,12 36
17536,
457,30
8183,16
26518,
23544,0
21164,
7581,2 16 27
24075,1
24765,12 27
17339,2 3
15466,2 3 16
24711,12
5747,21
23471,
3118,12 27
1380,28
5289,0
2764,0 2 4 30
26452,27
26982,26
285,16 27
23052,
2839,30
19251,12
13436,2
23938,4
14552,12
13549,2
23141,28
16081,0
2394,0
15650,0 27
19037,3 28 29
4125,18
21901,
24082,0
24477,
15054,
17362,12
21356,
7290,0 2 12 30
1844,27
24589,
18594,
22405,1
16357,0 1
16539,3
24861,20
15587,18
258,0
12916,12 27
23055,2
23323,3 16
12771,0 30
7491,12
23563,
19325,30
664,
22298,0
26653,12 36
25381,
18361,
26558,
18689,30
3031,
20452,0
18279,3 14
9218,38
1499,0
23137,35
7127,20
20950,0
25121,
25270,
26401,
25816,27
5331,27
22241,1
21699,3
23448,0
2493,
23650,0
11307,21
1450,11 27
23514,
17673,2
23403,
5366,16
14533,2 30
24891,27
5532,27
24982,2
21359,
22724,
26516,18
20592,
15895,2
26140,
23484,
26839,
291,2 5 27
22141,2 11
1883,3
20960,
17747,
634,2 30
9100,
26784,
26882,28 30
1307,1
12301,2
10586,
26544,
4272,0 3 27 39
21477,
303,11 27
21399,2 11
24149,18
20434,4
25859,
20549,0
12865,12
26075,21 27
24442,48
2317,12 18
3047,2 10 27
344,
7269,
26251,
20409,
21726,1 21
23874,
5686,
25765,3 27
24145,0
23220,2
23796,0
1158,
14829,12
9299,
10010,0 28
20054,
9686,2 30
23581,2
7267,12
23573,16
22061,28
3063,27
23630,2
23187,30
17796,20
11563,12
3441,0
22198,28
26230,
23195,16
22693,0
21317,28
14865,23
5595,
6188,1 2
25650,18 27
23911,3
6507,2 12
3834,12
19434,
2288,
6037,12
23479,
20943,0
23264,0 30
11296,27
2790,28
22349,
13275,0 8 10
25098,8 10 36
21328,
10448,30 40
18071,2 8
21457,0 28
24214,18
12260,
23342,0
24554,
22433,2
21774,27
22907,
24819,3
24285,4
18403,27
16629,2 35 47
11549,0 30
26289,
22893,38
17126,24 26
23275,2
21506,
22041,27
9773,
21311,
25199,
24369,
24408,
7982,
22578,1 12
24551,12
384,27 36
13989,12
6416,3 34
7682,2 3
1451,0 2 8
26042,15
25349,12
5313,18
17988,
22299,
18331,5
12058,0
8602,27
1430,
14520,14 16
20316,
5924,3
21572,2
5795,0
3195,
6688,
12515,0
25834,2
26259,27
14110,12
8527,1 14 27
22594,0 1 36
23946,1
16475,
7901,28
7545,27
8858,
15385,16
23439,
21996,
23617,
429,12 15 16
24998,1 12
8047,16
20566,3
10786,21
24464,45
21077,12
20816,28 36
16174,
26025,11 27
24899,
5278,
19393,
20430,8 10
26890,16
26363,27
19680,0
9553,
20983,30
25772,3
18173,1 28
23620,2
3959,2
11800,23
18441,
26606,
23427,12
21450,
162,8
26407,
8569,
1904,
14096,
26862,0 35
25882,
22524,2 12
20370,27
511,3
20952,12 48
22842,2
20627,2
21841,0 18
26705,
25206,12 28
18930,28 29
21012,12 28
446,23 26
15798,0 4
20563,
22790,0
11019,
21979,28
26449,
220,
21836,2 12
9480,
1272,30
14216,1 18
22370,
22051,8 28
9356,28
20854,27 28
19472,12
3775,0 12 28
3434,1
20520,1
14510,
655,12
7899,
505,28
6437,28
25389,12
395,
3779,10
24867,1 12
5043,0
25939,
2995,28
9167,3
7677,
12837,1 3 28
20959,12
23339,
17059,28 36
20997,
18820,27
19952,0
27036,5
15063,3 27 40
12685,
21605,23 27 28
20645,
3583,0
3836,0
1722,0
5225,
12617,3 27 30
22880,2
20647,18
19514,12 26 28 29 30
25435,12
23763,1
14791,12
23819,35
24713,8
7320,
15081,
5188,8 10
17107,2
20744,27 28
5598,16
3497,
3117,
979,0 8 30
22691,28 29
6353,
4504,26
5948,12
25361,10 16
17676,12
25005,
2851,30
12037,30
19397,8 10
8942,2
15316,0
23773,21
29,27 30
21156,12 28
21305,12 28
21804,27
23383,3 35
16244,
20160,20
2960,2
22726,
6635,15
1573,
19390,
9838,2
23094,
24526,
23664,
16,
18458,
25564,
19721,28 42 47
20559,16
23635,
13612,
27007,
23723,16
20025,27
604,19
26078,2
19916,8 10 12 27
10254,1 28
15556,1 11
25286,
8398,21
26967,0
9477,10
21320,12
19993,1 8 12
22238,
20803,
24963,12
26304,30
638,
11073,0
25769,
26626,0 2
25738,21
23574,3
19965,15 27
15058,14
20577,16
21675,28
24553,12
14769,12 27 29
23579,28
4551,
24360,12
18228,2
20235,0 16
20879,
18785,
704,
25215,23
20363,0
10209,0 2
23648,0
5100,0
7797,
26349,
26591,0 16
23008,3
24769,10
360,2
184,
13058,0
26082,
23453,0
24268,2
22915,2 26
23025,1 2
19815,
26087,11
19934,0
21151,28
25909,2 12 27
25548,27
1832,0
22273,16 33
22620,0 2
6541,1 28
16273,2
13517,
4179,18
18620,18
20731,
1633,27 36
17285,2
26852,3
14198,27
26302,27 40
4767,1 16 30
25366,12
3783,
18899,22
11227,
26610,
26942,0 30
7869,12
19485,0
7619,5 27
7721,28
10366,
648,
18690,12
14592,27 30
19486,
24191,2
22806,
7022,30
942,
20707,
24976,12 27 39
19997,
27020,11
25365,18
6614,
2315,45
23836,3
23238,3
22279,20
21920,
19975,0 30
24469,
16287,
25443,
20423,8
20567,
11702,
23290,
22325,3
22937,27
22182,
19310,0 30
16987,0
26246,
5631,0
20772,
22427,0
835,28
21120,2 23 28
24954,20
21706,28
11077,2
14255,16
26584,37
26828,27 30
14981,0 1
23278,
21416,2
25515,12
4337,0
11145,
190,
7551,
23490,3
22478,3 11 27
615,0 2
1312,12 28
26587,20
7793,11
23657,
6680,
13377,1 2
9511,
2340,0
20009,20
22407,3 8
22076,
15331,3
22604,16
308,12
8012,0 2
12099,16
24636,12
11874,
8689,35
26384,27
25698,
24315,2
26268,
5350,3
8150,12 28 36
22215,1
19207,0 12 18
14430,
12023,19
13969,0 1 11
1164,36
23747,3
24460,48
19015,11
22326,0
26214,14 27
1028,28 29
3143,
7123,28
18012,30
3892,30
25255,12
26162,27
99,12 36 42
4677,
14723,
499,30
25076,19
6190,16
24374,8 10
23152,0 2 30
8911,
19568,0 30 45
20828,
23790,27
5067,0 2
21184,23 28 37
5016,
748,0 12
26062,27
6087,
11575,
18655,12
20964,28
16315,3 18 20
21314,
24423,0
13226,1
13433,1 23
26886,
13719,0 2 4
9272,1 45
25569,
26553,26
25239,12
20852,28
16039,
3491,0
11609,1
11647,35
20346,0 11 30
4909,18
18934,
26385,
25709,0
26769,12 28 30
5545,
25305,12 45
4113,
23420,
15484,
20910,3 12
19173,
5031,11
21871,2 4 5
13786,0
25077,
6494,30 38
15531,2 4
23056,3 27
23359,38
26274,27 35
22695,
26880,
2656,
12335,28
16434,
6236,
2783,28
1828,0 12 23 28
555,
11464,
5517,
10712,
10001,35
3352,12 28
21489,11 15
19726,27 28
19150,0 16 30
26817,1 11 27
23621,27
25207,
19029,12 28
1857,8 10
25463,
8731,0 27
996,18
26788,
19479,
1992,0 30 34
23748,
21907,
16396,2
12684,
1665,2
7831,2
5499,
3409,
13139,3
26175,2
7673,
23493,
12991,16
13197,29
2920,12
24192,8
21629,
26319,27
8061,
171,2 27
1810,
23330,
8124,27
5472,0
8796,10 21
15532,0 12
1969,
24806,8 16
21231,
24412,18
21711,11 12
15963,1 2
23502,
13194,12 30
8516,0
5776,1 12
3417,18
10429,
15283,12 28
20717,2
24695,5 28
20688,
9628,
26408,27
25477,8
3918,0
25872,
26898,18
12609,1 8
14360,
18969,
23698,
19676,16 27
22046,28
21487,16
5757,2 5
22672,2 4
22950,
15635,
21491,0
17009,12 28
25720,0
13470,2 5 36
25142,3 16 30
22253,0 2
4656,1
15873,8 12
22885,28
21272,28
15617,
3523,3 24 26
24925,28
6327,10
530,15
20221,8
